12x--<--@;;;;;;;;
O(<>'<>)O;;;;;;;;
Err:510;;;;;;;;
Err:508;;;;;;;;
Err:508;;;;;;;;
Err:508;;;;;;;;
Err:508;;;;;;;;
ε=(☉_☉);;;;;;;;
[:||||||||||||:];;;;;;;;
:%);;;;;;;;
?:^[];;;;;;;;
:%)%;;;;;;;;
):=ı;;;;;;;;
/.#(;;;;;;;;
:-=);;;;;;;;
8-[;;;;;;;;
(ap);;;;;;;;
-|--';;;;;;;;
:-o;;;;;;;;
c|B-);;;;;;;;
(.V.);;;;;;;;
(8>/--<;;;;;;;;
(<>..<>);;;;;;;;
::-);;;;;;;;
.';;;;;;;;
>(::O>;;;;;;;;
>-);;;;;;;;
<0>..<0>;;;;;;;;
(()();()());;;;;;;
((-(-.-)-));;;;;;;;
:8);;;;;;;;
(+^+);;;;;;;;
(#*#);;;;;;;;
/@-@\;;;;;;;;
0=);;;;;;;;
^j^;;;;;;;;
O:);;;;;;;;
(a);;;;;;;;
O:-);;;;;;;;
O-);;;;;;;;
0-)<;;;;;;;;
"0;)";;;;;;;;
0:);;;;;;;;
0*-);;;;;;;;
():);;;;;;;;
J^;;;;;;;;
(angel);;;;;;;;
ლ(ಠ益ಠ)ლ;;;;;;;;
:-t;;;;;;;;
:-||;;;;;;;;
X-(;;;;;;;;
X(;;;;;;;;
:-@;;;;;;;;
:@;;;;;;;;
b;(;;;;;;;
:(;;;;;;;;
>-(;;;;;;;;
D<;;;;;;;;
>:(;;;;;;;;
>:-(;;;;;;;;
-_-+;;;;;;;;
:-Z;;;;;;;;
(((p(>o<)q)));;;;;;;;
:=@;;;;;;;;
x=(;;;;;;;;
(angry);;;;;;;;
>(;;;;;;;;
(◣_◢);;;;;;;;
ヽ(#｀_つ´)ﾉﾌﾟ;;;;;;;;
o┤*｀□´;*├o;;;;;;;
ヽ(｀⌒´メ)ノ;;;;;;;;
(•ˋ;_;ˊ•);;;;;;
>:-o;;;;;;;;
>:-0;;;;;;;;
☠|රゝර|☠;;;;;;;;
):|;;;;;;;;
^w^;;;;;;;;
"-_-;";;;;;;;;
|_|';;;;;;;;
"^^;";;;;;;;;
(;o_o);;;;;;;
(-_-*;);;;;;;;
@_@;;;;;;;;
¬¬;;;;;;;;
>_<*;;;;;;;;
:/;;;;;;;;
>:-(;;;;;;;;
"(¬_¬"")";;;;;;;;
:42:;;;;;;;;
>:;o;;;;;;;
(⊃‿⊂);;;;;;;;
m(_)m;;;;;;;;
＼(_;_);;;;;;;
m(T-T)m;;;;;;;;
(シ_;_)シ;;;;;;;
Err:520;;;;;;;;
(^^)//;;;;;;;;
(￣▽￣人);;;;;;;;
0-+;;;;;;;;
>A<;;;;;;;;
(;`_)乂(_';);;;;;;
<')))~;;;;;;;;
\(o3o)/;;;;;;;;
>--->>;;;;;;;;
<---<<<;;;;;;;;
:arrow:;;;;;;;;
(B-I=;;;;;;;;
(；一_一);;;;;;;;
(ˇ_ˇ’!l);;;;;;;;
(╯_╰”);;;;;;;;
(ノ>ノ);;;;;;;;
<|-);;;;;;;;
|-I;;;;;;;;
(0)-<-<;;;;;;;;
~X(;;;;;;;;
(⌒;͜ʖ⌒)b;;;;;;;
X:-);;;;;;;;
(au);;;;;;;;
:S;;;;;;;;
o.e;;;;;;;;
:=8);;;;;;;;
~:0;;;;;;;;
~O><;;;;;;;;
[{-_-}];;;;;;;;
~:O;;;;;;;;
X:-);;;;;;;;
༼ঢ_㇁ঢ༽;;;;;;;;
Err:520;;;;;;;;
C:-|;;;;;;;;
(8-);;;;;;;;
:-)-S=~;;;;;;;;
o~;;;;;;;;
Q_Q_Q_;;;;;;;;
((;;;;;;;;
(::(;)::);;;;;;;
(::[]::);;;;;;;;
(:::X:::);;;;;;;;
:▶;;;;;;;;
(bandit);;;;;;;;
(headbang);;;;;;;;
(banghead);;;;;;;;
~'v;;;;;;;;
:-%;;;;;;;;
（　＾）／占~~~;;;;;;;;
:-C~;;;;;;;;
8o|;;;;;;;;
o;>';;;;;;;
o;>;;;;;;;
:-E;;;;;;;;
:;08-gen;;;;;;;
>--<(:p;;;;;;;;
d:-);;;;;;;;
d:-p;;;;;;;;
q:-);;;;;;;;
d:;);;;;;;;
^v^;;;;;;;;
(^+.+^);;;;;;;;
"/|\( ;,;)/|\";;;;;;;;
"/|\( ;,; )/|\";;;;;;;;
"/|^;-;^/|";;;;;;;;
\＿(´▽｀)♪＿/;;;;;;;;
B-|;;;;;;;;
B-);;;;;;;;
";;)";;;;;;;;
ಥ_ಥ;;;;;;;;
｡･ﾟ･(ﾉД｀)･ﾟ･｡;;;;;;;;
（ＴДＴ）;;;;;;;;
(brb);;;;;;;;
('')-.-('');;;;;;;;
\'''\(*.*)/'''/;;;;;;;;
o; ;o';;;;;;
(;*.*;)';;;;;;
"("")   ("")'";;;;;;;;
(; O; )';;;;;;
"("") ("")";;;;;;;;
"(""""\(O_O)/"""")";;;;;;;;
ヾ(´(ｴ)｀ﾉﾞ;;;;;;;;
⊂(￣(ｴ)￣)⊃;;;;;;;;
(／(ｴ)＼);;;;;;;;
(✪㉨✪);;;;;;;;
(''')-.-(''');;;;;;;;
"("") ("")";;;;;;;;
⊆☉ᴥ☉⊇;;;;;;;;
⊂;Err:501;⊃;;;;;;
⊂(￣(工)￣)⊃;;;;;;;;
ʕु•̫͡•ʔु;;;;;;;;
(ó㉨ò);;;;;;;;
(^(エ)^);;;;;;;;
:)#;;;;;;;;
(:-{~;;;;;;;;
:-)};;;;;;;;
:-{)>;;;;;;;;
b-(;;;;;;;;
o/;___o..;;;;;;;
b-);;;;;;;;
%+|;;;;;;;;
(#_#);;;;;;;;
(*@_＊#);;;;;;;;
(O_.);;;;;;;;
(=_—);;;;;;;;
:;=;;;;;;;
0___;;;;;;;;
X:-|;;;;;;;;
:bz;;;;;;;;
└@(･ｪ･)@┐;;;;;;;;
(ii)D;;;;;;;;
(b);;;;;;;;
___ ';;;;;;;;
|; |\';;;;;;;
|__|/;;;;;;;;
[%]D;;;;;;;;
(beer);;;;;;;;
(bricklayers);;;;;;;;
(_)3;;;;;;;;
m(-_-)m;;;;;;;;
^(:)v;;;;;;;;
::::[||]::::;;;;;;;;
⨌⨀_⨀⨌;;;;;;;;
OTL;;;;;;;;
└(^o^;)Ｘ(;^o^)┘;;;;;;
（　＾＾）人（＾＾　）;;;;;;;;
&:-o-8-<;;;;;;;;
#:o+=;;;;;;;;
o_0;;;;;;;;
"(""."")";;;;;;;;
~; __0 ';;;;;;;
(*)/;(*);;;;;;;
(*)/;(*);;;;;;;
--==ⓧh\ⓧ;;;;;;;;
:D;;;;;;;;
:-D;;;;;;;;
:grin:;;;;;;;;
:=D;;;;;;;;
(laugh);;;;;;;;
(￣▼￣);;;;;;;;
>:D<;;;;;;;;
8|___);;;;;;;;
:-(|);;;;;;;;
(|X0||);;;;;;;;
<(:?);;;;;;;;
o=>;;;;;;;;
:^);~;)^:;;;;;;
(*v*);;;;;;;;
"<;O'";;;;;;;;
(;;;;;;;;
#NOME?;;;;;;;;
~:<>;;;;;;;;
(*)>';;;;;;;;
/;) ';;;;;;;
"/""  ";;;;;;;;
<^**^>';;;;;;;;
V;;;;;;;;
(8>)<;;;;;;;;
~O~;;;;;;;;
_';;;;;;;;
<(')';;;;;;;;
{;>}';;;;;;;
ll;;;;;;;;
0>;;;;;;;;
{¤v¤};;;;;;;;
(`･⊝･´);;;;;;;;
(•⌓•);;;;;;;;
（・θ・）;;;;;;;;
(●∈∋●);;;;;;;;
<（ё）>;;;;;;;;
（ﾟ∈ﾟ）;;;;;;;;
(;•)>';;;;;;;
<'_/;;;;;;;;
(^);;;;;;;;
(cake);;;;;;;;
*<:);;;;;;;;
<>:-);;;;;;;;
:*x;;;;;;;;
:-s;;;;;;;;
(:-D;;;;;;;;
!-(;;;;;;;;
?-(;;;;;;;;
?(;;;;;;;;
(bah);;;;;;;;
8^P;;;;;;;;
|-(;;;;;;;;
#-);;;;;;;;
^^;;;;;;;;
:c);;;;;;;;
<^^*>;;;;;;;;
(@)/(@);;;;;;;;
∋(°O°)∈;;;;;;;;
(-□-)︵*;;;;;;;;
*8=(:;;;;;;;;
":-"">";;;;;;;;
:-*>;;;;;;;;
":"")";;;;;;;;
:*-);;;;;;;;
":"">";;;;;;;;
:8};;;;;;;;
(blush);;;;;;;;
:=$;;;;;;;;
>//<;;;;;;;;
(๑´•.̫;•;`๑);;;;;;
#^_^#;;;;;;;;
c-----7;;;;;;;;
@=;;;;;;;;
●～*;;;;;;;;
ヽ(⌐■_■)ノ♪♬;;;;;;;;
ヾ(｀ε´)ﾉ;;;;;;;;
:-o;;;;;;;;
:/;;;;;;;;
(-_-);;;;;;;;
\-o;;;;;;;;
:-o;zz;;;;;;;
:z;;;;;;;;
@-@;;;;;;;;
(•_¤);;;;;;;;
(/-_·)/D····>;;;;;;;;
<(;･ｪ-)<};;;;;;;
:-)8;;;;;;;;
:-)x;;;;;;;;
m(_;_)m;;;;;;;
orz;;;;;;;;
(bow);;;;;;;;
(||);;;;;;;;
Err:510;;;;;;;;
_____O___III;;;;;;;;
____o/|||;;;;;;;;
＝(;^o^)ノ___ｏ;;;;;;;
o(^_-)O;;;;;;;;
O??;;;;;;;;
Q(''q);Q(''Q);;;;;;;
Q(''Q);;;;;;;;
Q(''q);;;;;;;;
(9'.')9;(9'.')-o;;;;;;;
(z);;;;;;;;
(:-);;;;;;;;
:-)^<;;;;;;;;
:-#;;;;;;;;
:-{#};;;;;;;;
#NOME?;;;;;;;;
-6%;;;;;;;;
[<O>];;;;;;;;
ʕʔ;;;;;;;;
>:/;;;;;;;;
(ó;ì_í)=óò=(ì_í;ò);;;;;;
%-(;;;;;;;;
</3;;;;;;;;
(U);;;;;;;;
Err:511;;;;;;;;
<~3;;;;;;;;
<\3;;;;;;;;
(brokenheart);;;;;;;;
^;○;^;;;;;;
:-(=);;;;;;;;
:B;;;;;;;;
(*^o^)人(^o^*);;;;;;;;
}|{;;;;;;;;
Err:508;;;;;;;;
()_();;;;;;;;
(bug);;;;;;;;
E=B;;;;;;;;
pq`#';;;;;;;;
):|;;;;;;;;
3:(:);;;;;;;;
[O==O\=<(;;;;;;;;
o^o-o{;;;;;;;;
Err:511;;;;;;;;
(╯_╰);;;;;;;;
:^(;;;;;;;;
(=^_^=);;;;;;;;
(O:3;;;;;;;;
Err:510;Err:508;;;;;;;
◥█(“⌒◞౪◟⌒”)█◣;;;;;;;;
U｡･.･｡U;;;;;;;;
(\_/);;;;;;;;
#-(;;;;;;;;
(bus);;;;;;;;
[=₀==₀];;;;;;;;
:-)<////>;;;;;;;;
ლ(ಠ益ಠლ);;;;;;;;
(_|_);;;;;;;;
(_!_);;;;;;;;
}i{;;;;;;;;
})i({;;;;;;;;
})U({;;;;;;;;
Ƹ̵̡Ӝ̵̨̄Ʒ;;;;;;;;
};)l(;{;;;;;;
:-c;;;;;;;;
~M';;;;;;;;
(p);;;;;;;;
|C|;;;;;;;;
|P|;;;;;;;;
o=;;;;;;;;
-=;;;;;;;;
~=;;;;;;;;
~===|;;;;;;;;
>(///)<;;;;;;;;
P=\\;;;;;;;;
"(; ·_·)????C<?_-)";;;;;;;;
((-_(-_-)_-));;;;;;;;
＼(^o)(^0^)(o^)／;;;;;;;;
(cash);;;;;;;;
(mo);;;;;;;;
($);;;;;;;;
❀[{O{]_+-;_]❀;;;;;;;
|*-*|;;;;;;;;
>'o'<;;;;;;;;
Err:510;;;;;;;;
">;3";;;;;;;;
>'.'<;;;;;;;;
(^-_-^);;;;;;;;
<^oo^>;;;;;;;;
Err:510;;;;;;;;
(=①౪①=);;;;;;;;
(=^ェ^=);;;;;;;;
((≡^⚲͜^≡));;;;;;;;
Err:510;;;;;;;;
≥^≏^≤;;;;;;;;
"("")^-_-^("")";;;;;;;;
≥^-~-^≤;;;;;;;;
ฅ(=＾◕ᆺ◕＾=)ฅ;;;;;;;;
(=◑ᆺ◐=);;;;;;;;
Err:510;;;;;;;;
>^..^<;;;;;;;;
(@);;;;;;;;
<^..^>;;;;;;;;
IIII8^)X;;;;;;;;
^-.-^;Zzzzz;;;;;;;
q:-);;;;;;;;
(:@@@@@D;;;;;;;;
<0_/\_/\_;;;;;;;;
~o(:-);;;;;;;;
＼(＾O＾)／;;;;;;;;
ᕕ(;ᐛ;)ᕗ;;;;;;
ᘛ⁐̤ᕐᐷ;;;;;;;;
(<._.>);;;;;;;;
|-{;;;;;;;;
C|:-=;;;;;;;;
(○｀д´)ﾉｼ;Σ(っﾟДﾟ)っ;;;;;;;
〜〜(／￣▽)／　〜ф;;;;;;;;
:-@;;;;;;;;
:(;);;;;;;;
(o`ꇴ´o);;;;;;;;
\o/;;;;;;;;
（＾ｖ＾）;;;;;;;;
（⌒▽⌒）;;;;;;;;
(＾▽＾);;;;;;;;
*\O/*;;;;;;;;
*\0/*;;;;;;;;
✺◟(•‿•)◞✺;;;;;;;;
C=:-);;;;;;;;
(-:;3;;;;;;;
(:=3;;;;;;;;
~:>;;;;;;;;
<°);;;;;;;;
(*>;;;;;;;;
8^;;;;;;;;
C8o;);;;;;;;
C8o;(;;;;;;;
C8o;\;;;;;;;
-{:-];;;;;;;;
\)))/;&;\~~~/;;;;;;
ε=Σ(´;);;;;;;;
:putnam:;;;;;;;;
*<<<<=;;;;;;;;
^)_(^;;;;;;;;
(='.'=);;;;;;;;
<{^-^}>;;;;;;;;
(ci);;;;;;;;
Err:510;;;;;;;;
:-.);;;;;;;;
(:);;;;;;;;
(clap);;;;;;;;
(￣ー￣)//””;;;;;;;;
(o);;;;;;;;
<]:o){;;;;;;;;
:O);;;;;;;;
*:o);;;;;;;;
<|:^0|<;;;;;;;;
*<:o);;;;;;;;
*<:^);;;;;;;;
*<:oP;;;;;;;;
*<:oB;;;;;;;;
(c:>*;;;;;;;;
*<8-)X;;;;;;;;
><*:oDX;;;;;;;;
⫷;°⧭°;⫸;;;;;;
(o:(>*;;;;;;;;
Err:508;;;;;;;;
(_)>;;;;;;;;
(C);;;;;;;;
C[_];;;;;;;;
~0)|;;;;;;;;
(coffee);;;;;;;;
:-{};;;;;;;;
╹﹏╹;;;;;;;;
?_?;;;;;;;;
$:-);;;;;;;;
"(。。;)＼(-_-)";;;;;;;;
(co);;;;;;;;
@/:^);;;;;;;;
:-r;;;;;;;;
:-8(;;;;;;;;
:^);;;;;;;;
O.o;;;;;;;;
:-Q;;;;;;;;
:-/;;;;;;;;
:-S;;;;;;;;
:s;;;;;;;;
:-$;;;;;;;;
(@_@);;;;;;;;
%%';;;;;;;;
O.o?;;;;;;;;
:-??;;;;;;;;
(p_q);;;;;;;;
¯\(°_o)/¯;;;;;;;;
?:|;;;;;;;;
-.-?;;;;;;;;
(-?);;;;;;;;
〈(゜。゜);;;;;;;;
(-_-)ゞ゛;;;;;;;;
:?;;;;;;;;
:-?;;;;;;;;
:???:;;;;;;;;
o_O;;;;;;;;
(゜д゜??);;;;;;;;
8-/;;;;;;;;
8/;;;;;;;;
:~/;;;;;;;;
¯(°_o)/¯;;;;;;;;
˙ ͜ʟ˙;;;;;;;;
B-);;;;;;;;
qB-);;;;;;;;
Ж-D;;;;;;;;
8=);;;;;;;;
B=);;;;;;;;
(cool);;;;;;;;
:B);;;;;;;;
B);;;;;;;;
-<0oo;;;;;;;;
:-[x>;;;;;;;;
3:-O;;;;;;;;
3:O;;;;;;;;
+/'\;;;;;;;;
<):-);;;;;;;;
}:-);;;;;;;;
<):);;;;;;;;
C):);;;;;;;;
(-:(3;;;;;;;;
C):-);;;;;;;;
{:-);;;;;;;;
⌸)O{)♊|><;;;;;;;;
V.v.V;;;;;;;;
V.^.V';;;;;;;;
(_)';;;;;;;;
[[;]];;;;;;;
(\/)!_!(\/);;;;;;;;
≧〔゜゜〕≦;;;;;;;;
V=(°;°)=V;;;;;;;
[]::(CRAYOLA)::[]>;;;;;;;;
()_RED_(>;;;;;;;;
())Crayola))>;;;;;;;;
(⊙_◎);;;;;;;;
%OD;;;;;;;;
%-);;;;;;;;
(◐‿◑)﻿;;;;;;;;
H-);;;;;;;;
>.<;;;;;;;;
:_(;;;;;;;;
:*(;;;;;;;;
T_T;;;;;;;;
:((;;;;;;;;
:'(;;;;;;;;
";_;";;;;;;;;
QQ;;;;;;;;
#RIF!;::::::;;;;;;;
:..[;;;;;;;;
T^T;;;;;;;;
#NOME?;;;;;;;;
8:::(;;;;;;;;
TT^TT;;;;;;;;
TT_TT;;;;;;;;
i_i;;;;;;;;
:'-C;;;;;;;;
";-;";;;;;;;;
":""-(";;;;;;;;
:~-(;;;;;;;;
TT.TT;;;;;;;;
(!_!);;;;;;;;
&.(..;;;;;;;;
(ToT);;;;;;;;
"(;_;)";;;;;;;;
:'-(;;;;;;;;
";(";;;;;;;;
Y.Y;;;;;;;;
T.T;;;;;;;;
:cry:;;;;;;;;
";=(";;;;;;;;
(cry);;;;;;;;
(-̩__-̩);;;;;;;;
(¬‿¬);;;;;;;;
|_|;;;;;;;;
C(_);;;;;;;;
|_P;;;;;;;;
C(_);;;;;;;;
|_P;;;;;;;;
~o);;;;;;;;
[_]P;;;;;;;;
@:-);;;;;;;;
8:-);;;;;;;;
:-@!;;;;;;;;
X3;;;;;;;;
n_n;;;;;;;;
┌|°з°|┘;;;;;;;;
@-|;;;;;;;;
(╬☉Д⊙ฺ);;;;;;;;
o-);;;;;;;;
O-(;;;;;;;;
.);;;;;;;;
Q-);;;;;;;;
*-(;;;;;;;;
>P-(;;;;;;;;
O.);;;;;;;;
๏-);;;;;;;;
:/7);;;;;;;;
:)-S=;;;;;;;;
\:D/;;;;;;;;
^(.;.)^;;;;;;;
<(..<);;;;;;;;
(>..)>;;;;;;;;
~(o.o)~;;;;;;;;
\(^o\);(/o^)/;;;;;;;
ヘ(^_^ヘ)(ノ^_^)ノ;;;;;;;;
v(*.*)^;;;;;;;;
(~^.^)~;;;;;;;;
(dance);;;;;;;;
\o/;;;;;;;;
♪ρ(｀.´)ρ;;;;;;;;
（〜^∇^)〜;;;;;;;;
┗(｀o´)┓;;;;;;;;
♪┏(・o･)┛♪;;;;;;;;
/öö;;;;;;;;
/ÖÖ\;;;;;;;;
C8<];;;;;;;;
/oo\;;;;;;;;
(｡▼皿▼);;;;;;;;
(8<|;;;;;;;;
/OO;;;;;;;;
Q:|;;;;;;;;
8->;;;;;;;;
*-*;;;;;;;;
*_*;;;;;;;;
*…*;;;;;;;;
[*_*];;;;;;;;
x_x;;;;;;;;
++';;;;;;;;
-;;;;;;;;
x.x;;;;;;;;
XP;;;;;;;;
8-#;;;;;;;;
XX';;;;;;;;
>';;;;;;;;
U;;;;;;;;
(X_X);;;;;;;;
(+_+);;;;;;;;
(#×_×);;;;;;;;
>T_T;;;;;;;;
(u_u);;;;;;;;
(=ｘェｘ=);;;;;;;;
༎ຶ‿༎ຶ;;;;;;;;
✖‿✖;;;;;;;;
(▀̿Ĺ̯▀̿;̿);;;;;;;
(;°);;;;;;;
(✖╭╮✖);;;;;;;;
~(O)|;;;;;;;;
3:*);;;;;;;;
―(T_T)->;;;;;;;;
(╯ნ_㇁ნ)╯;;;;;;;;
:-|;:-|;;;;;;;
^(#｀∀´)_Ψ;;;;;;;;
(<_>);;;;;;;;
._.;;;;;;;;
n;.;n';;;;;;
-----;;;;;;;;
(._.);;;;;;;;
(;◢д◣);;;;;;;
（´c_｀*）;;;;;;;;
ب_ب;;;;;;;;
"(‥;)";;;;;;;;
:-[;;;;;;;;
i-);;;;;;;;
(ಥ﹏ಥ);;;;;;;;
(ノ´ロ`)ノ;;;;;;;;
>:);;;;;;;;
-6;;;;;;;;
]:->;;;;;;;;
}:-);;;;;;;;
()}:o);;;;;;;;
}=^{|~;;;;;;;;
3:);;;;;;;;
>:-)~;;;;;;;;
">;->";;;;;;;;
3:-);;;;;;;;
:evil:;;;;;;;;
(devil);;;;;;;;
:[;;;;;;;;
:-[;;;;;;;;
>:->;;;;;;;;
[]゛７(∀゜*）;;;;;;;;
{>O;;;;;;;;
:-');;;;;;;;
Err:508;;;;;;;;
:-|;;;;;;;;
:|;;;;;;;;
:(&;;;;;;;;
#NOME?;;;;;;;;
ಠ_ಠ;;;;;;;;
（´Д゜）/゜⌒。;;;;;;;;
（￣へ￣）;;;;;;;;
(;͡°;ʖ̯;͡°);;;;;
DX;;;;;;;;
:§;;;;;;;;
-__-;;;;;;;;
(*￣m￣);;;;;;;;
/:(;;;;;;;;
DD-:;;;;;;;;
༼;༎ຶ;෴;༎ຶ༽;;;;;
∊ಠ_ಠ∍;;;;;;;;
%-};;;;;;;;
d[-_-]b;;;;;;;;
[:-};;;;;;;;
d^_^b;;;;;;;;
:-$;;;;;;;;
:-)-o;;;;;;;;
O:v)>--o;;;;;;;;
:O\';;;;;;;;
:O?;;;;;;;;
:O/;;;;;;;;
:O$;;;;;;;;
:O);;;;;;;;
<[~.~]>;;;;;;;;
:o3;;;;;;;;
:3-<;;;;;;;;
/(^.^)\;;;;;;;;
(U・x・U);;;;;;;;
U｡･ｪ･｡U;;;;;;;;
▽・♀・▽;;;;;;;;
⊆◎U)┬┬ﾉ~;;;;;;;;
◤◡ᴥ◡◥;;;;;;;;
ɾ⌅ᴥ⌅ɹ;;;;;;;;
▼・ᴥ・▼;;;;;;;;
8==3;;;;;;;;
&===3;;;;;;;;
(&);;;;;;;;
V●ᴥ●V;;;;;;;;
▽・ω・▽;;;;;;;;
(>.<);;;;;;;;
#-o;;;;;;;;
(doh);;;;;;;;
＿φ(;°-°)/;;;;;;;
＿φ(°-°=);;;;;;;;
[$(1)$];;;;;;;;
Err:510;;;;;;;;
(8)<=;;;;;;;;
:D));;;;;;;;
:;T;;;;;;;
}:-(=;;;;;;;;
(>:^F);;;;;;;;
^.=.^;;;;;;;;
I-);;;;;;;;
(_;_)..ooOO;;;;;;;
*DRINK*;;;;;;;;
\%/;;;;;;;;
(;-_-)旦~;;;;;;;
Err:520;;;;;;;;
:-P;;;;;;;;
:P;;;;;;;;
*DROOLING*;;;;;;;;
:)_;;;;;;;;
:-B;;;;;;;;
(*¬*);;;;;;;;
:p~~;;;;;;;;
~~~~\o/~~~~;;;;;;;;
8-=(;);;;;;;;
:*);;;;;;;;
:*)?;;;;;;;;
%-<I>;;;;;;;;
:#);;;;;;;;
(drunk);;;;;;;;
o_O;;;;;;;;
|\__(;o)>;;;;;;;
8();;;;;;;;
\_O<;;;;;;;;
\__o-;\__o-;;;;;;;
"("">";;;;;;;;
"(""=";;;;;;;;
(;`_)?(_';);;;;;;
:-F;;;;;;;;
|-(;;;;;;;;
|(;;;;;;;;
|=(;;;;;;;;
p^b;;;;;;;;
8);;;;;;;;
Oo!;;;;;;;;
<:-|;;;;;;;;
<:-);;;;;;;;
()))TNT)))-x;;;;;;;;
ʘ‿ʘ;;;;;;;;
p^_^q;;;;;;;;
::--((;;;;;;;;
:K;;;;;;;;
:g;;;;;;;;
џ(ºДºџ);;;;;;;;
џ(ಠ益ಠџ);;;;;;;;
(:-|;;;;;;;;
ε=┌(;≧▽)┘;;;;;;;
~~~\8-O;;;;;;;;
}.;;;;;;;;
~:3;;;;;;;;
:~;;;;;;;;
~MC'~;;;;;;;;
*<:-)-:--:;;;;;;;;
⪿;ↂ;˒̫̮;ↂ;⫀;;;;
£:-[];;;;;;;;
@=);;;;;;;;
2:);;;;;;;;
?:-p;;;;;;;;
&:-);;;;;;;;
5:-);;;;;;;;
(*/□＼*);;;;;;;;
(#／。＼#);;;;;;;;
:-[;;;;;;;;
:$;;;;;;;;
(>//<);;;;;;;;
:-$;;;;;;;;
"^^""";;;;;;;;
:oops:;;;;;;;;
(#^.^#);;;;;;;;
c/_-*;;;;;;;;
(〃▽〃);;;;;;;;
\/O\/O\/;;;;;;;;
//_^;;;;;;;;
(emo);;;;;;;;
T-T;;;;;;;;
(//.^);;;;;;;;
c//_^';;;;;;;;
(///.-);;;;;;;;
d(//^)b;;;;;;;;
(//_^);;;;;;;;
//_T)o.;;;;;;;;
(-_\\\);;;;;;;;
(//_-);;;;;;;;
c//_+.;;;;;;;;
♥‿♥;;;;;;;;
(*≧m≦*);;;;;;;;
˃ʍ˂;;;;;;;;
(v);;;;;;;;
(envy);;;;;;;;
(@){;;;;;;;;
"((((((^_^;)";;;;;;;;
(-(-_(-_-)_-)-);;;;;;;;
>:3;;;;;;;;
(.\|/.);;;;;;;;
>:~>;;;;;;;;
:{);;;;;;;;
):D};;;;;;;;
]}:-)>;;;;;;;;
>:{)>;;;;;;;;
:twisted:;;;;;;;;
(grin);;;;;;;;
]:);;;;;;;;
>-);;;;;;;;
>:);;;;;;;;
(๑≖ิิ益≖ิ๑);;;;;;;;
>:D;;;;;;;;
>=);;;;;;;;
/^^\!;;;;;;;;
:-O;;;;;;;;
(★^O^★);;;;;;;;
ヽ(★ω★)ノ;;;;;;;;
≧◇≦;;;;;;;;
(*-*);;;;;;;;
:o;;;;;;;;
STO;;;;;;;;
＿|￣|○;;;;;;;;
#-);;;;;;;;
"(;´?`)";;;;;;;;
†_(ﾟｰﾟ*)β;;;;;;;;
(((ToT)†~~;;;;;;;;
<•>;;;;;;;;
P-);;;;;;;;
b-);;;;;;;;
٩◔̯◔۶;;;;;;;;
8-);;;;;;;;
}=D;;;;;;;;
-@--@-;;;;;;;;
#;0;;;;;;;
(/;_;<;);;;;;
:&;;;;;;;;
(6.6);;;;;;;;
(ñ_ñ);;;;;;;;
(p;^^)=====O;;;;;;;
<(x_x)>;@=====(^_^@);;;;;;;
(+.+)(-.-)(_;_);;;;;;;
?:-);;;;;;;;
＼(｀0´)／;;;;;;;;
(ง;•̀_•́)ง;;;;;;;
O<-<=;;;;;;;;
qo{8<]:;;;;;;;;
";~[";;;;;;;;
G('.'G);;;;;;;;
(ง;•̀ゝ•́)ง;;;;;;;
(ง’̀-‘́)ง;;;;;;;;
(~);;;;;;;;
(yn);;;;;;;;
X=;;;;;;;;
()))))-x;;;;;;;;
}-(((*>;;;;;;;;
"<"")))><";;;;;;;;
"><((("">";;;;;;;;
<.{{{><;;;;;;;;
{}{;;;;;;;;
<><;;;;;;;;
<((((><;;;;;;;;
<('O')>;;;;;;;;
<*)))<;;;;;;;;
|>///^<;;;;;;;;
>ﾟ)##)彡;;;;;;;;
ϵ(;Θ';)϶;;;;;;
❥᷁)͜͡˒ ⋊;;;;;;;;
(°)#))<<;;;;;;;;
><((((o>;;;;;;;;
<')+++<;;;;;;;;
(~);;;;;;;;
(;^□)_へ━━━━━⊃>°))))彡;;;;;;;
p#d;;;;;;;;
i-=<***;;;;;;;;
!.'v;;;;;;;;
OZ~<;;;;;;;;
ᕦ(ò_óˇ)ᕤ;;;;;;;;
ᕙ(⇀‸↼‶)ᕗ;;;;;;;;
ᕙ(`▽´)ᕗ;;;;;;;;
\@_O_@/;;;;;;;;
୧(﹒︠ᴗ﹒︡)୨;;;;;;;;
6(°_°)9;;;;;;;;
(╯°□°)╯︵;ʞooqǝɔɐɟ;;;;;;;
(ノಠ益ಠ)ノ彡┻━┻;;;;;;;;
(╯°□°)╯︵;┻━┻;;;;;;;
(ﾉ≧∇≦)ﾉ;ﾐ;┸┸;;;;;;
(╯°□°）╯︵;┻━┻;;;;;;;
┻━┻;︵;ヽ(°□°ヽ);;;;;;
t(-_-t);;;;;;;;
";D";;;;;;;;
";-)";;;;;;;;
(ff);;;;;;;;
";3";;;;;;;;
(fm);;;;;;;;
@>---;;;;;;;;
"@>--;--";;;;;;;;
<-#;;;;;;;;
@-'-;;;;;;;;
(f);;;;;;;;
(flower);;;;;;;;
0==I==,==I===;;;;;;;;
"D';";;;;;;;;
O-&-<;;;;;;;;
:-!;;;;;;;;
();;;;;;;;
G:-);;;;;;;;
Err:510;;;;;;;;
C:#;;;;;;;;
#NOME?;;;;;;;;
o^o-o|_;;;;;;;;
|:-<;;;;;;;;
%%-;;;;;;;;
88-;;;;;;;;
<;!';>;;;;;;
Vm~;;;;;;;;
:^{=;;;;;;;;
8^€;;;;;;;;
E:/;;;;;;;;
[:-|I;;;;;;;;
[8-];;;;;;;;
(ﾟДﾟ≡ﾟДﾟ);;;;;;;;
ヽ(´Д｀ヽミノ´Д｀)ノ;;;;;;;;
ヽ(ﾟДﾟ)ﾉ;;;;;;;;
щ(ﾟДﾟщ);;;;;;;;
:'|;;;;;;;;
:pd:;;;;;;;;
:bq:;;;;;;;;
:bd:;;;;;;;;
P*;;;;;;;;
(´∪`*);;;;;;;;
O; ;O';;;;;;
'; ;';;;;;;
 (;)-(;);;;;;;
"""   """;;;;;;;;
8-|;;;;;;;;
(／。＼);;;;;;;;
8)~~*;;;;;;;;
<?;?>;;;;;;;
8);;;;;;;;
:(?);;;;;;;;
:(¦);;;;;;;;
[II]D;;;;;;;;
❄☃❄;;;;;;;;
ᒄ₍⁽ˆ⁰ˆ⁾₎ᒃ♪♬;;;;;;;;
:-(;;;;;;;;
:(;;;;;;;;
:o{;;;;;;;;
:-(;;;;;;;;
X[;;;;;;;;
:-P;;;;;;;;
><;;;;;;;;
B/;;;;;;;;
>.<*;;;;;;;;
-_-*;;;;;;;;
:-L;;;;;;;;
(ᗒᗣᗕ);;;;;;;;
(￣┏∞┓￣);;;;;;;;
(fubar);;;;;;;;
|-[#];;;;;;;;
B-};;;;;;;;
(ò_ó);;;;;;;;
*:*;;;;;;;;
:;0=/--;;;;;;;
:-(*);;;;;;;;
qB];;;;;;;;
@}:-);;;;;;;;
Err:510;;;;;;;;
Err:509;;;;;;;;
◖⎚∠⎚◗;;;;;;;;
3>(;;;;;;;;
(D:-];;;;;;;;
@:i;;;;;;;;
{@:)};;;;;;;;
4:-);;;;;;;;
d=P;;;;;;;;
"(>"")>";;;;;;;;
"<("")>";;;;;;;;
"("",)";;;;;;;;
(:;(=|;;;;;;;
(boo);;;;;;;;
(◟ᅇ)◜;;;;;;;;
(((༼•̫͡•༽)));;;;;;;;
8[+];;;;;;;;
(´・ω・)っ由;;;;;;;;
(g);;;;;;;;
";))";;;;;;;;
*GIGGLING*;;;;;;;;
(giggle);;;;;;;;
(chuckle);;;;;;;;
(о＾ω＾о);;;;;;;;
༼;つ;◕_◕;༽つ;;;;;
>:o===Q<;;;;;;;;
(x);;;;;;;;
8:^);;;;;;;;
(-_-)#;;;;;;;;
~0(**)0~;;;;;;;;
"(;´Д`)";;;;;;;;
"(;-_-)ノ";;;;;;;;
＼（＾;＾）／;;;;;;;
>:[;;;;;;;;
\~/;;;;;;;;
\_/;;;;;;;;
??;;;;;;;;
-o-o-;;;;;;;;
8-);;;;;;;;
()-();;;;;;;;
-@--@-;;;;;;;;
\o-o/;;;;;;;;
(-_q);;;;;;;;
8);;;;;;;;
B-);;;;;;;;
B);;;;;;;;
(^0_0^);;;;;;;;
A-A;;;;;;;;
｡◕‿◕｡;;;;;;;;
~^.^~;;;;;;;;
(nah);;;;;;;;
(nnh);;;;;;;;
:-{>;;;;;;;;
";€";;;;;;;;
):()-;;;;;;;;
o/;;;;;;;;
(´ー｀)┌ﾌｯ;;;;;;;;
＼（～Ｏ～）／;;;;;;;;
♪(●′▽`)ﾉ;;;;;;;;
(ToT)/~~~;;;;;;;;
(^;_;^)/~~;;;;;;
8-];;;;;;;;
:8];;;;;;;;
%:O;;;;;;;;
8:];;;;;;;;
|<:-);;;;;;;;
L:-);;;;;;;;
Q:-);;;;;;;;
oO:)&;;;;;;;;
◖ර◞ʖ◟ර◗;;;;;;;;
"(~};)";;;;;;;;
"(~);}";;;;;;;;
"(13)};)>";;;;;;;;
"(~);-}";;;;;;;;
$_$;;;;;;;;
($v$);;;;;;;;
$__$;;;;;;;;
\o;o/;;;;;;;
.'!;;;;;;;;
:->;;;;;;;;
:D;;;;;;;;
¦-D;;;;;;;;
:oP;;;;;;;;
（￣ー￣）;;;;;;;;
(-_ゞ;;;;;;;;
v(*.*)^;;;;;;;;
└(^o^)┐;;;;;;;;
ƪ(‾.‾“)┐;;;;;;;;
ヾ(;͝°;͜ʖ͡°)ノ♪;;;;;;
:-!;;;;;;;;
l:[';;;;;;;;
[>#<];;;;;;;;
(‑.‑(‑.‑)‑.‑);;;;;;;;
>:(;;;;;;;;
>^︵^<;;;;;;;;
^i^;;;;;;;;
>I<;;;;;;;;
"^_^;";;;;;;;;
:::===C;o;));;;;;;
{;o;}===(:::);;;;;;
︻┳テ=一;;;;;;;;
︻╦̵̵͇̿̿̿̿╤──;;;;;;;;
╓╦╦─;;;;;;;;
︻デ═一;;;;;;;;
S:~);;;;;;;;
$8();;;;;;;;
*8D;;;;;;;;
((:D;;;;;;;;
~~8-O;;;;;;;;
@:-);;;;;;;;
#:-);;;;;;;;
~#:-(;;;;;;;;
?:-);;;;;;;;
%-.-%;;;;;;;;
@.'v;;;;;;;;
{:-{)};;;;;;;;
L-:;;;;;;;;
(||];;;;;;;;
(%);;;;;;;;
||||_;_||||;;;;;;;
\\\V;V///;;;;;;;
(:>-<;;;;;;;;
:-|><;;;;;;;;
(handshake);;;;;;;;
&:-];;;;;;;;
Err:508;;;;;;;;
U;;;;;;;;
:-);;;;;;;;
:);;;;;;;;
^.^;;;;;;;;
^¿^;;;;;;;;
(:;;;;;;;;
^-^;;;;;;;;
8D;;;;;;;;
(^_^);;;;;;;;
8^);;;;;;;;
:-};;;;;;;;
!_!;;;;;;;;
:)));;;;;;;;
(happy);;;;;;;;
(˘⌣˘);;;;;;;;
（＾◇＾）;;;;;;;;
（＾ｕ＾）;;;;;;;;
（●＾o＾●）;;;;;;;;
B^);;;;;;;;
8-D;;;;;;;;
BD;;;;;;;;
B^D;;;;;;;;
8^D;;;;;;;;
☻;;;;;;;;
^=^;;;;;;;;
uwu;;;;;;;;
*<|:o);;;;;;;;
:-0;hbtu;0-:;;;;;;
(°̥̥̥̥̥̥̥̥ᴗ°̥̥̥̥̥̥̥̥);;;;;;;;
UowoU;;;;;;;;
OwO;;;;;;;;
<^_^>;;;;;;;;
":"")";;;;;;;;
<]:);;;;;;;;
ζ|||);;;;;;;;
<~8);;;;;;;;
>O<;;;;;;;;
/*;*;;;;;;;
#;;;;;;;;
q=);;;;;;;;
xd:);;;;;;;;
*<:);;;;;;;;
+(:-);;;;;;;;
*<.'v;;;;;;;;
d.'v;;;;;;;;
<:-{);;;;;;;;
d;:-o;;;;;;;
\,,/(>.<)\,,/;;;;;;;;
(({..}));;;;;;;;
(|:-);;;;;;;;
((;＿;＿)☆;≡〇;;;;;
>:^(;;;;;;;;
oo;;;;;;;;
0(o.o)0;;;;;;;;
d(-_-)b;;;;;;;;
[:-);;;;;;;;
(;(d[-.-]b););;;;;;
q[-'.'-]p;;;;;;;;
dL-_-b;;;;;;;;
<3;;;;;;;;
<u3;;;;;;;;
S2;;;;;;;;
♥;;;;;;;;
»-(¯`·.·´¯)->;;;;;;;;
(h);;;;;;;;
(l);;;;;;;;
(heart);;;;;;;;
./\..|..|....;;;;;;;;
(∿°○°)∿;︵;ǝʌol;;;;;;
\,,/;;;;;;;;
(heidy);;;;;;;;
▼o･_･o▼;;;;;;;;
(o´・Υ・)ﾉ･;;;;;;;;
(　ﾟДﾟ)＜!!;;;;;;;;
?:)#;;;;;;;;
（。々°）;;;;;;;;
"(･_･;)_･)";;;;;;;;
ﾍ(･_|;;;;;;;;
|д･);;;;;;;;
|_・);;;;;;;;
(;•;∀•)っθΘʘ;;;;;;
~~;;;;;;;;
(h5);;;;;;;;
o/\o;;;;;;;;
^_^/;;;;;;;;
(*･∀･)／＼(･∀･*);;;;;;;;
^y^-/|\--Y^;;;;;;;;
(✿◠‿◠);;;;;;;;
(;ˇ෴ˇ;);;;;;;
\:-{|>;;;;;;;;
o->;;;;;;;;
(;｀皿´)｡ﾐ/;;;;;;;
:-\;;;;;;;;
:-/;;;;;;;;
(#];;;;;;;;
L.;;;;;;;;
L.;;;;;;;;
8-);;;;;;;;
(_8^(|);;;;;;;;
(8-(1);;;;;;;;
(;8(|);;;;;;;
(_8^(1);;;;;;;;
~(_8^(|);;;;;;;;
((;8n(7);;;;;;;
((;8n(E);;;;;;;
~(@_8^(|)>--)]<___%[];;;;;;;;
o--};;;;;;;;
o(^^o)(o^^)o;;;;;;;;
}:);;;;;;;;
O_0';;;;;;;;
[_];;;;;;;;
]:-:);;;;;;;;
(h);;;;;;;;
"┗(･ω･;)┛";;;;;;;;
{;};;;;;;;
(:)\/<;;;;;;;;
:)X;;;;;;;;
(>^_^)>;<(^.^<);;;;;;;
(>'')><(''<);;;;;;;;
(((H)));;;;;;;;
{};;;;;;;;
({});;;;;;;;
(bear);;;;;;;;
(hug);;;;;;;;
(っ⌒‿⌒)っ;;;;;;;;
(~^.^)~~(^.^~);;;;;;;;
{*};;;;;;;;
d=(´▽｀)=b;;;;;;;;
⊂((・▽・))⊃;;;;;;;;
<(^.^<);;;;;;;;
[[;]];;;;;;;
(>^_^)><(^o^<);;;;;;;;
<(*.*<);;;;;;;;
:D<;;;;;;;;
((()));;;;;;;;
{{{***}}};;;;;;;;
[•.•ิ];;;;;;;;
~!~;;;;;;;;
%*@:-(;;;;;;;;
:0;;;;;;;;
:-[];;;;;;;;
:!!;;;;;;;;
(。_＋)＼;;;;;;;;
┗(;●-﹏;｀｡)づ;;;;;;
XD;;;;;;;;
-(@;@)-';;;;;;;
U;;;;;;;;
@-);;;;;;;;
:^);;;;;;;;
X_X;;;;;;;;
_\m/;;;;;;;;
<;}};;;;;;;
<;};;;;;;;
:-P;O>w;;;;;;;
~oO>;;;;;;;;
<Oo*;;;;;;;;
<OO;;;;;;;;
<><;;;;;;;;
*-:);;;;;;;;
:idea:;;;;;;;;
*red+u;;;;;;;;
*help;;;;;;;;
(;゜∀゜;);ア;;;;;
(＊☉౪;⊙｡)ﾉ;;;;;;;
:!:;;;;;;;;
"C = (; '_')";;;;;;;;
O-S-<;;;;;;;;
(@);;;;;;;;
(*_*);;;;;;;;
:];;;;;;;;
(♥_♥);;;;;;;;
(inlove);;;;;;;;
<3+<3;;;;;;;;
(love);;;;;;;;
*IN;LOVE*;;;;;;;
:-];;;;;;;;
._.;;;;;;;;
_/\,;;;;;;;;
:-S;;;;;;;;
(o_O);;;;;;;;
:7/;;;;;;;;
E_E;;;;;;;;
:-I;;;;;;;;
:neutral:;;;;;;;;
:-|;;;;;;;;
>>';;;;;;;;
-;;;;;;;;
(*°∀°)=3;;;;;;;;
（*´▽｀*）;;;;;;;;
(●♡∀♡);;;;;;;;
(wm);;;;;;;;
O:D;;;;;;;;
0:-);;;;;;;;
(╭ರ_•́);;;;;;;;
§);;;;;;;;
";:|";;;;;;;;
%7<;;;;;;;;
?_?;;;;;;;;
(ip);;;;;;;;
(wasntme);;;;;;;;
^#(^;;;;;;;;
:<|;;;;;;;;
(:-|K-;;;;;;;;
♫.(◠౪◠).♫;;;;;;;;
8(>_<)8;;;;;;;;
8-);;;;;;;;
//o-o\\;;;;;;;;
((*J*));;;;;;;;
//0-0\\;;;;;;;;
(8;{;;;;;;;
⎰≀.☮-☮≀⎰;;;;;;;;
X-p;;;;;;;;
(jk);;;;;;;;
*JOKINGLY*;;;;;;;;
:-];;;;;;;;
(=^;^=);;;;;;;
ƪ(ˆ▽ˆ)ʃ;;;;;;;;
\;^_^;/;;;;;;
o(^o^)o;;;;;;;;
(≧∇≦)/;;;;;;;;
\m/<(^_^)>\m/;;;;;;;;
:-DD;;;;;;;;
(:-#;;;;;;;;
(;((><)););;;;;;
(;｀o´)_θ☆;;;;;;;
"c"",)";;;;;;;;
K:P;;;;;;;;
X:-);;;;;;;;
\VVV/;;;;;;;;
\$$$/;;;;;;;;
]:)|--<;;;;;;;;
]:;Err:510;;;;;;;
<(^,..,^)>;;;;;;;;
c(-_-c);;;;;;;;
(>*-*)>;<(*-*<);;;;;;;
(っ^‿^)っ;;;;;;;;
c(','c);;;;;;;;
(>'')>;;;;;;;;
<('-'<);;;;;;;;
<('.')>;;;;;;;;
^(^.^)^;;;;;;;;
<(•-•<);;;;;;;;
<(^.^)>;;;;;;;;
<(^_^)>;;;;;;;;
(>'.')>;;;;;;;;
<('.'<);;;;;;;;
<(;.';)>;;;;;;
<(<);<(;)>;(>)>;;;;;
(>;.';)>';;;;;;
<(;.';)>';;;;;;
<(;.';<);;;;;;
(^3^);;;;;;;;
*;;;;;;;;
:-X;;;;;;;;
:*;;;;;;;;
X(*/*)x;;;;;;;;
:-)*;;;;;;;;
:%;;;;;;;;
(╯3╰);;;;;;;;
:-{};;;;;;;;
(˘⌣˘)ε˘`);;;;;;;;
(*^3^)/~☆;;;;;;;;
(*^^)^*);;;;;;;;
(xo);;;;;;;;
:=*;;;;;;;;
(kiss);;;;;;;;
(*;￣)(￣▽￣*);;;;;;;
:-*;;;;;;;;
";-(!)";;;;;;;;
:*);;;;;;;;
=;#;;;;;;;
8^*;;;;;;;;
:+;;;;;;;;
:P;;;;;;;;
:{};;;;;;;;
(;˘;³˘)♥;;;;;;
（＿ε＿）;;;;;;;;
(_X_);;;;;;;;
*KISSED*;;;;;;;;
:}{:;;;;;;;;
(;}{';);;;;;;
(}{);;;;;;;;
:**:;;;;;;;;
(;}~{';);;;;;;
(*;￣)(￣;*);;;;;;
|(￣3￣)|;;;;;;;;
*KISSING*;;;;;;;;
(-}{-);;;;;;;;
#NOME?;ω;ˆ-;;;;;;
(=^-^=);;;;;;;;
^..^;;;;;;;;
(=^-ω-^=);;;;;;;;
Err:510;;;;;;;;
:3;;;;;;;;
(=^･ｪ･^=);;;;;;;;
Err:508;;;;;;;;
Err:510;;;;;;;;
Err:501;;;;;;;;
Err:510;;;;;;;;
⋟^≏^⋞;;;;;;;;
[|];;;;;;;;
>>:-|;;;;;;;;
.-=o=-.;;;;;;;;
+<#^v;;;;;;;;
+<||-);;;;;;;;
(^^);//('_')\\;(^^);;;;;;
ʅᄒᴥᄒʃ;;;;;;;;
@(*o*)@;;;;;;;;
⎩;ᄒᴥᄒ;⎭;;;;;;
ʕ;•ᴥ•ʔ;;;;;;;
_m_(-0-)_m_;;;;;;;;
(-O-);;;;;;;;
:*)O;;;;;;;;
／人◕;‿‿;◕人＼;;;;;;
&0(80<;;;;;;;;
<{::}>;;;;;;;;
(::)<;;;;;;;;
-.-;;;;;;;;
㐈⦁ཽし⦁ཽ㐈;;;;;;;;
m(;ﾟ皿ﾟ)m★━━;;;;;;;
l8r);;;;;;;;
XD;;;;;;;;
:'D;;;;;;;;
:L;;;;;;;;
Err:510;;;;;;;;
>8-D;;;;;;;;
(^_^);;;;;;;;
(＾▽＾);;;;;;;;
（’-’*);;;;;;;;
:o;;;;;;;;
（⌒▽⌒）;;;;;;;;
（＾ｖ＾）;;;;;;;;
:));;;;;;;;
:lol:;;;;;;;;
(lol);;;;;;;;
X-D;;;;;;;;
:.-);;;;;;;;
({);;;;;;;;
)-:;;;;;;;;
(-:;;;;;;;;
(‾ʖ̫‾);;;;;;;;
:^o;;;;;;;;
ლ(´ڡ`ლ);;;;;;;;
:PdPdP;;;;;;;;
:-9;;;;;;;;
#-);;;;;;;;
¤\(;`⌂´;)/¤;;;;;;
(i);;;;;;;;
(li);;;;;;;;
(Y);;;;;;;;
:3;;;;;;;;
:-*;;;;;;;;
:-#;;;;;;;;
:#;;;;;;;;
:=#;;;;;;;;
:X;;;;;;;;
:-X;;;;;;;;
:=x;;;;;;;;
:();;;;;;;;
:-{};;;;;;;;
d^_^b;;;;;;;;
o(^_^)o;;;;;;;;
d(-\\\)b;;;;;;;;
d(^_^)b;;;;;;;;
d-_-b;;;;;;;;
[{>.<}];;;;;;;;
_\\//;;;;;;;;
>-<;;;;;;;;
(.〜◍`皿′◍〜.);;;;;;;;
(*｀へ´*);;;;;;;;
~~I==I>;;;;;;;;
☉ϖ☉;;;;;;;;
@---;;;;;;;;
:P@---;;;;;;;;
:~);;;;;;;;
<@>;<@>;;;;;;;
(*)?(*);;;;;;;;
<_<;;;;;;;;
←(･_･┐);;;;;;;;
>_>;;;;;;;;
>.>;;;;;;;;
\\(<.<|>.>)//;;;;;;;;
<.<;>.>;;;;;;;
<*_*>;;;;;;;;
<o?o>;;;;;;;;
L-);;;;;;;;
:-{};;;;;;;;
~♥~;;;;;;;;
<3;;;;;;;;
(>^.^)>;<3;<(^.^<);;;;;;
:x;;;;;;;;
(ෆ;͒•∘̬•;͒)◞;;;;;;
{♥‿♥};;;;;;;;
(ɔ◔‿◔)ɔ;♥;;;;;;;
(ɔˆ;³(ˆ⌣ˆc);;;;;;;
o@=<;;;;;;;;
__.;;;;;;;;
Err:510;;;;;;;;
>=(;;;;;;;;
>,<;;;;;;;;
~:(;;;;;;;;
>=[;;;;;;;;
>}:-(;;;;;;;;
:U;;;;;;;;
)8^(;;;;;;;;
:!;;;;;;;;
">;-('";;;;;;;;
>_<;;;;;;;;
o(><;)o⌒*;;;;;;;
:-\;;;;;;;;
:x;;;;;;;;
:-x;;;;;;;;
:mad:;;;;;;;;
(#｀ε´);;;;;;;;
:-.);;;;;;;;
{8-*;;;;;;;;
(∩｀-´)⊃━☆ﾟ.*･｡ﾟ;;;;;;;;
（*・)｢｣｢｣;;;;;;;;
(o;•;ω;•;O)つ—♡☆.。.:*・°♡;;;;
<*:-);;;;;;;;
(makeup);;;;;;;;
(kate);;;;;;;;
(malthe);;;;;;;;
0-|-[;;;;;;;;
@@@@:-);;;;;;;;
(@@@@):^);;;;;;;;
######:o);;;;;;;;
@@@:);;;;;;;;
****:-);;;;;;;;
(#-[;;;;;;;;
:-)(-:;;;;;;;;
-----(_)-;;;;;;;;
-()_)–()_)—;;;;;;;;
(.!.);;;;;;;;
Err:508;;;;;;;;
Q>--|;;;;;;;;
(d);;;;;;;;
|>--|;;;;;;;;
(drink);;;;;;;;
/--\;;;;;;;;
>:-I;;;;;;;;
@|-);;;;;;;;
(-_-);;;;;;;;
（＾～＾）;;;;;;;;
ヽ（´ー｀）┌;;;;;;;;
@;;;;;;;;
@_@;;;;;;;;
©¿©;;;;;;;;
\m/;;;;;;;;
lml;;;;;;;;
lml_;;;;;;;;
|:-[|];;;;;;;;
8(:-);;;;;;;;
ºOº;;;;;;;;
o/<;;;;;;;;
(o:v);;;;;;;;
:p;;;;;;;;
:};;;;;;;;
?8};;;;;;;;
Err:508;;;;;;;;
:D:;;;;;;;;
(mm);;;;;;;;
(mp);;;;;;;;
^o^;;;;;;;;
-:-);;;;;;;;
Err:509;;;;;;;;
(mo);;;;;;;;
[*(1)*];;;;;;;;
$-);;;;;;;;
:-$;;;;;;;;
:-($);;;;;;;;
O|-);;;;;;;;
+<:-|;;;;;;;;
@(-_-)@;;;;;;;;
:(|);;;;;;;;
@('.')@;;;;;;;;
@'o'@;;;;;;;;
@(^_^)@;;;;;;;;
@(*_*)@;;;;;;;;
()=;;;;;;;;
@(;o･ω･)@;;;;;;;
"(;_·)";;;;;;;;
ಠ_ರೃ;;;;;;;;
(б_·);;;;;;;;
:E;;;;;;;;
";..;'";;;;;;;;
>:(><);;;;;;;;
(_i_);;;;;;;;
(mooning);;;;;;;;
(|);;;;;;;;
(>°|°<);;;;;;;;
o-7-o;;;;;;;;
o--7o;;;;;;;;
:o&o>;;;;;;;;
/'\;;;;;;;;
/\_/\;;;;;;;;
^v^v^;;;;;;;;
<:3;)~;;;;;;;
~<>^>;;;;;;;;
oO~;;;;;;;;
<:3)~;;;;;;;;
<:3)~~;;;;;;;;
<:3)~~~;;;;;;;;
ᘛ⁐̤ᕐᐷ;;;;;;;;
8(:-);;;;;;;;
(~);;;;;;;;
(film);;;;;;;;
(movie);;;;;;;;
:mrgreen:;;;;;;;;
~O-O~;;;;;;;;
(m);;;;;;;;
cl_l;;;;;;;;
[II]D;;;;;;;;
(_);;;;;;;;
(flex);;;;;;;;
(muscle);;;;;;;;
ᕦ❍ᴗ❍ᕤ;;;;;;;;
(music);;;;;;;;
:-{;;;;;;;;
:{;;;;;;;;
{;8{];;;;;;;
Err:512;;;;;;;;
:{D;;;;;;;;
:{);;;;;;;;
:-#|;;;;;;;;
:-3;;;;;;;;
(;￣┏＿┓￣);;;;;;;
෴;;;;;;;;
:{|;;;;;;;;
:-<);;;;;;;;
:-:;;;;;;;;
•:_:•;;;;;;;;
:-SS;;;;;;;;
(Z(:^P;;;;;;;;
~,~;;;;;;;;
_:^);;;;;;;;
:3;;;;;;;;
*:-);;;;;;;;
@:-);;;;;;;;
#:-);;;;;;;;
Err:508;;;;;;;;
|==|iiii|>---;;;;;;;;
(-);;;;;;;;
(¬_¬;);;;;;;;
(nerd);;;;;;;;
B|;;;;;;;;
8=|;;;;;;;;
8|;;;;;;;;
B=|;;;;;;;;
|-(:-);;;;;;;;
B-|;;;;;;;;
*8-I;;;;;;;;
:-B;;;;;;;;
8-|;;;;;;;;
:-=H;;;;;;;;
8-B;;;;;;;;
(ninja);;;;;;;;
(j);;;;;;;;
[-_-]~;;;;;;;;
Qx;;;;;;;;
QK;;;;;;;;
(;--)/;#NOME?;;;;;;
[+..••];;;;;;;;
(nod);;;;;;;;
(￣ー￣（＿　＿（;;;;;;;;
(?_?);;;;;;;;
):-(;;;;;;;;
.^v;;;;;;;;
>*(;;;;;;;;
:v);;;;;;;;
:/\);;;;;;;;
(:+);;;;;;;;
(:^(;;;;;;;;
<:@0;;;;;;;;
%-(;;;;;;;;
<2;;;;;;;;
[-(;;;;;;;;
^:)^;;;;;;;;
-8;;;;;;;;
]:-);;;;;;;;
[^._.^]ﾉ彡;;;;;;;;
~=[,,_,,]:3;;;;;;;;
Ｃ:。ミ;;;;;;;;
O_o;;;;;;;;
:-j;;;;;;;;
/o\;;;;;;;;
L(´□｀L);;;;;;;;
(ﾉ)ﾟДﾟ(ヽ);;;;;;;;
?:-_];;;;;;;;
|:-{)~;;;;;;;;
(ﾉ-o-)ﾉ;中;;;;;;;
（・д・）｝;;;;;;;;
（゜∀＾）］;;;;;;;;
:)];;;;;;;;
(〃＾∇＾)】;;;;;;;;
:-(;;;;;;;;
-);;;;;;;;
°-);;;;;;;;
.-);;;;;;;;
>.-);;;;;;;;
:~;;;;;;;;
:>;;;;;;;;
:-D;;;;;;;;
:d;;;;;;;;
E:-);;;;;;;;
̿’̿’\̵͇̿̿\З=(;͠°;͟ʖ;͡°)=Ε/̵͇̿̿/’̿̿;̿;̿;̿;̿;̿
~#|__/~~\o/~;;;;;;;;
^_^;;;;;;;;
.^_^.;;;;;;;;
:-)));;;;;;;;
(*v*)';;;;;;;;
((;))';;;;;;;
"-""-""-";;;;;;;;
,___,';;;;;;;;
[;O.0]';;;;;;;
/)__)';;;;;;;;
--''--''--;;;;;;;;
(^o^);;;;;;;;
(QvQ)';;;;;;;;
(; ; )';;;;;;
"""  """;;;;;;;;
-(*o*)-;;;;;;;;
^(OvO)^;;;;;;;;
ᕦ◉▿◉ᕤ;;;;;;;;
（＠◇＠）;;;;;;;;
(*<*)';;;;;;;;
(;V;)';;;;;;
""" """;;;;;;;;
~@v@~;;;;;;;;
{0,0};;;;;;;;
}°,°{;;;;;;;;
^o,o^;;;;;;;;
:v;;;;;;;;
(<.;.;.;.;;;;;
(:V);;;;;;;;
(:\/);;;;;;;;
:v;.....;;;;;;;
(V)=|;;;;;;;;
(>_<);;;;;;;;
(。･_･)ノ”【】;;;;;;;;
8:(;;;;;;;;
(panda);;;;;;;;
◖㈠;ω;㈠◗;;;;;;
\(>o<)/;;;;;;;;
\\(<.<|>.>)//;;;;;;;;
(>-:-)-<;;;;;;;;
(@.@);;;;;;;;
{|:{);;;;;;;;
<:-P;;;;;;;;
<:o);;;;;;;;
<o);;;;;;;;
(party);;;;;;;;
*<(:);;;;;;;;
<l:0;;;;;;;;
*<(8)~/~<;;;;;;;;
*<|8-P~;;;;;;;;
(:V;;;;;;;;
:)>-;;;;;;;;
(/|\);;;;;;;;
V;(*_*);V;;;;;;
(^o^)y;;;;;;;;
*p*;;;;;;;;
✌(◕‿-)✌;;;;;;;;
✌.ʕʘ‿ʘʔ.✌;;;;;;;;
(/ω･＼);;;;;;;;
<IIEEEEEED;;;;;;;;
0))__)>;;;;;;;;
(^v^)';;;;;;;;
<(;)>';;;;;;;
w;;;;;;;;
('v');;;;;;;;
"<("")";;;;;;;;
<(^);;;;;;;;
<('');;;;;;;;
8>;;;;;;;;
(;*)>';;;;;;;
(;>;);;;;;;
*-);;;;;;;;
:-/;;;;;;;;
XP;;;;;;;;
༼ঢ_༽ঢ༽;;;;;;;;
0~0;;;;;;;;
<:^];;;;;;;;
O<-<;;;;;;;;
>:P;;;;;;;;
ε-(´・｀);ﾌ;;;;;;;
:?);;;;;;;;
(mp);;;;;;;;
(ph);;;;;;;;
(phone);;;;;;;;
(((☎)));;;;;;;;
----|};;;;;;;;
--===[};;;;;;;;
(~_(]=--Z(◡˘);;;;;;;;
Err:508;;;;;;;;
o()~;;;;;;;;
:@);;;;;;;;
:(:);;;;;;;;
<('@')>;;;;;;;;
´ö`;;;;;;;;
:=);;;;;;;;
<(^oo^)>;;;;;;;;
^(*(oo)*)^;;;;;;;;
(○｀（●●）´○)ﾉ;;;;;;;;
^..^__)~;;;;;;;;
(｀(●●);´);;;;;;;
(*’(OO)’*);;;;;;;;
:©);;;;;;;;
/***(^o^)***\;;;;;;;;
/~'v'~\;;;;;;;;
∋∞(●ﾟvﾟ)∞∈;;;;;;;;
^_^'';;;;;;;;
(o^-^o);;;;;;;;
<(:-);;;;;;;;
(__);;;;;;;;
\|/';;;;;;;;
(_);;;;;;;;
┳┻┳°;;;;;;;;
:---);;;;;;;;
:-------[;;;;;;;;
b);;;;;;;;
P);;;;;;;;
";PX";;;;;;;;
:ar!;;;;;;;;
R);;;;;;;;
-=,q;;;;;;;;
<%);;;;;;;;
(pi);;;;;;;;
<|;;;;;;;;
(pizza);;;;;;;;
(pl);;;;;;;;
";T";;;;;;;;
:þ;;;;;;;;
:^r;;;;;;;;
◦°˚\☺/˚°◦;;;;;;;;
(;•_•)O;°Q(•_•;);;;;;
(+[__]∙:∙);;;;;;;;
(^̮^);;;;;;;;
(─‿‿─);;;;;;;;
(pu);;;;;;;;
O-G-<;;;;;;;;
(；゜○゜)ア;;;;;;;;
（￢з￢）σ;;;;;;;;
:-I;;;;;;;;
(*・)σσ(*゜O゜);;;;;;;;
ʕ•͡ᴥ•ʔ;;;;;;;;
-[[•]]--[()]-;;;;;;;;
[|:-{O;;;;;;;;
c|:-|;;;;;;;;
(｡･ˇдˇ･｡);;;;;;;;
੯ू‵ू;໒꒱;;;;;;;
(poolparty);;;;;;;;
(hrv);;;;;;;;
~@~;;;;;;;;
[::::];;;;;;;;
+O=-);;;;;;;;
+<:-);;;;;;;;
<+]:¬);;;;;;;;
";-?";;;;;;;;
(•ᴥ•;)́`́'́`́'́⻍;;;;;;;
:<;;;;;;;;
>:-[;;;;;;;;
:-\;;;;;;;;
\o/;;;;;;;;
O/;;;;;;;;
_/\_;;;;;;;;
/\'s;;;;;;;;
[-o<;;;;;;;;
(--)';;;;;;;;
_/\_;;;;;;;;
八(＾□＾*);;;;;;;;
(╯˘;#NOME?;)╯;;;;;;
（人’∀’）;;;;;;;;
:-)>(;)-;;;;;;;
&;;;;;;;;
+:-);;;;;;;;
(zilmer);;;;;;;;
\<><>/;;;;;;;;
O(+>;;;;;;;;
~<:-);;;;;;;;
\&&&/;;;;;;;;
:};;;;;;;;
@(*-*)@;;;;;;;;
x{|:);;;;;;;;
(;°;ᴗ°)~ð;;;;;;
(+[;]-:-);;;;;;;
(+[PSP]::);;;;;;;;
ヘ（。□°）ヘ;;;;;;;;
(-ε-;);;;;;;;
（*＾3＾）;;;;;;;;
(´ε｀;)♡;;;;;;;
:&;;;;;;;;
(puking);;;;;;;;
o(^▽^)o;;;;;;;;
(;ᐛ;)و;;;;;;
ヽ(;★ω★)ノ;;;;;;;
(^:^);;;;;;;;
(~~);;;;;;;;
*|;;;;;;;;
（。_°☆＼(-;–;);;;;;;
(。_°)☆;;;;;;;;
(punch);;;;;;;;
☆(ﾟoﾟ(o;;;;;;;;
○=(-_-○;;;;;;;;
0(｀・ω・´)=〇;;;;;;;;
(○;｀ｰ´)○☆)ﾟoﾟ)/;;;;;;;
(o￣∇￣)=◯)`ν゜)･;;;;;;;;
(●｀・ω・)=Ｏ)｀-д゜);;;;;;;;
((ง’ω’)و三;ง’ω’)ڡ≡;☆⌒ﾐ((x_x);;;;;;
-:-/;;;;;;;;
*\;;;;;;;;
-:(;;;;;;;;
/(^.^)\;;;;;;;;
U＾ェ＾U;;;;;;;;
∊♡_ᴥ_♡∍;;;;;;;;
".'""";;;;;;;;
Q('.'Q);;;;;;;;
t('.'t);;;;;;;;
┬─┬ノ(;º;_;ºノ);;;;;
┬──┬﻿;¯\_(ツ);;;;;;;
「(°ヘ°);;;;;;;;
:?:;;;;;;;;
>-=];;;;;;;;
('.');;;;;;;;
／(=๏;x;๏=)＼;;;;;;
U=･;x;･=U;;;;;;
`=o=^o>;;;;;;;;
CD:-)>;;;;;;;;
~~:-(;;;;;;;;
(R);;;;;;;;
ƪ(˘⌣˘)ʃ;;;;;;;;
/:);;;;;;;;
(﻿;͡°;͜ʖ;͡°);;;;;
d:o);;;;;;;;
---;:;;;;;;;
Err:508;;;;;;;;
Err:510;;;;;;;;
<:3(;)~~;;;;;;;
(((((:-{=;;;;;;;;
～゜・_・゜～;;;;;;;;
(l);;;;;;;;
(k);;;;;;;;
(f);;;;;;;;
}---:o>;;;;;;;;
o(´^｀)o;;;;;;;;
~o);;;;;;;;
(*_*);;;;;;;;
>=D;;;;;;;;
?$?:-);;;;;;;;
(});;;;;;;;
/O;;;;;;;;
✌(გ_㇁გ)✌;;;;;;;;
*<l:o)>;;;;;;;;
([(;;;;;;;;
¥[*.*]¥;;;;;;;;
:|];;;;;;;;
:];;;;;;;;
:]];;;;;;;;
[:];;;;;;;;
<(-_-)>;;;;;;;;
~(o_o)~;;;;;;;;
[:|];;;;;;;;
\m/(**)\m/;;;;;;;;
\m/@_@\m/;;;;;;;;
O;--;[];--;✄;;;;
\m/>.<\m/;;;;;;;;
\m/(><)\m/;;;;;;;;
d(>_<)b;;;;;;;;
\m/(>.<)\m/;;;;;;;;
bd(OoO)bd;;;;;;;;
<:-)<<|;;;;;;;;
<===~~;;;;;;;;
\w/^^,\w/;;;;;;;;
>-D;;;;;;;;
\m/;;;;;;;;
\\m/(=o+)\m//;;;;;;;;
(rock);;;;;;;;
\m/;>_<;\m/;;;;;;
\m/(*o*)\m/;;;;;;;;
\m/d(^_^)b\m/;;;;;;;;
8-|;;;;;;;;
>>;;;;;;;;
9_9;;;;;;;;
@@;;;;;;;;
c.c;;;;;;;;
:roll:;;;;;;;;
◔̯◔;;;;;;;;
Err:508;;;;;;;;
(rotfl);;;;;;;;
(rofl);;;;;;;;
(ɔ˘з˘)ɔ;;;;;;;;
7:-);;;;;;;;
\:);;;;;;;;
~:>;;;;;;;;
^:3;;;;;;;;
@)->-;;;;;;;;
@~)~~~~;;;;;;;;
@}->--;;;;;;;;
"@};-";;;;;;;;
@~'~~~;;;;;;;;
"@>-;--";;;;;;;;
@-->---;;;;;;;;
--{--@;;;;;;;;
@>--;;;;;;;;
@}-^--^--;;;;;;;;
(@)->->->--;;;;;;;;
@}-(;;;;;;;;
<(*_*)>;;;;;;;;
3:*>;;;;;;;;
Err:520;0>--<;Err:520;;;;;;
"┌(;･_･)┘";;;;;;;;
ε=┏(;>_<)┛;;;;;;;
ε=(っ≧ω≦)っ;;;;;;;;
。。。ミヽ（。＞＜）ノ;;;;;;;;
"ε=┏(ﾟロﾟ;)┛";;;;;;;;
Err:511;;;;;;;;
:-(;;;;;;;;
:(;;;;;;;;
T.T;;;;;;;;
#RIF!;;;;;;;;
:c;;;;;;;;
D:;;;;;;;;
D=;;;;;;;;
Y_Y;;;;;;;;
v.v;;;;;;;;
\8^1;;;;;;;;
(<_>);;;;;;;;
(/_\);;;;;;;;
):;;;;;;;;
(Ω_Ω);;;;;;;;
:[;;;;;;;;
:sad:;;;;;;;;
:=(;;;;;;;;
(sad);;;;;;;;
8-(;;;;;;;;
";-(";;;;;;;;
";~;";;;;;;;;
";^;";;;;;;;;
/:-);;;;;;;;
";-)}<////>";;;;;;;;
>>>>(:-);;;;;;;;
M:-);;;;;;;;
O7;;;;;;;;
<o;;;;;;;;
~S~;;;;;;;;
:-{o;;;;;;;;
*<]:{);;;;;;;;
*<(:-{)};;;;;;;;
*<:-);;;;;;;;
*<|:-{)};;;;;;;;
*<|:^);};;;;;;;
<|:)};;;;;;;;
0<[]:-)>>;;;;;;;;
*-={:-)}}}>;;;;;;;;
*<|:o)>;;;;;;;;
<[]:o{|>;;;;;;;;
*<[]:o{|>;;;;;;;;
:-7;;;;;;;;
^o);;;;;;;;
";s";;;;;;;;
:S;;;;;;;;
←～（o;｀▽´;)oΨ;;;;;;
(▰˘◡˘▰);;;;;;;;
D:;;;;;;;;
:!;;;;;;;;
"∑(゜Д゜;)";;;;;;;;
.∵･(ﾟДﾟ);;;;;;;;
(☄ฺ◣д◢)☄ฺ;;;;;;;;
(╯‵Д′)╯;;;;;;;;
ಠᴗಠ;;;;;;;;
*!#*!^*&:-);;;;;;;;
!:-);;;;;;;;
*s*;;;;;;;;
/(;＿0＿)￣θ☆≡≡○;;;;;;;
8<;;;;;;;;
c--I-I-I{;;;;;;;;
3#`;;;;;;;;
>-$;;;;;;;;
"<(;￣ ･￣)";;;;;;;;
^:-/;;;;;;;;
:-@;;;;;;;;
O';;;;;;;;
..._[:];;;;;;;;
..._(:)-o;;;;;;;;
O-);;;;;;;;
(:)-);;;;;;;;
"\';./";;;;;;;;
ᶘ;ᵒᴥᵒᶅ;;;;;;;
(ᵔᴥᵔ);;;;;;;;
";^!";;;;;;;;
:-*;;;;;;;;
8==8;;;;;;;;
\000/;;;;;;;;
(shake);;;;;;;;
9(x.x)9;;;;;;;;
(x.x)9;;;;;;;;
[-x;;;;;;;;
"<((("">";;;;;;;;
(^^^);;;;;;;;
~~~/\\~~~;;;;;;;;
>---^-*<;;;;;;;;
_/\____\0/__;;;;;;;;
____/\___\o/___;;;;;;;;
_/\_\o/_;;;;;;;;
C):-|;*;;;;;;;
(¬､¬);;;;;;;;
#NOME?;;;;;;;;
*SHOCKED*;;;;;;;;
o_o;;;;;;;;
:-o;;;;;;;;
8-0;;;;;;;;
8^{};;;;;;;;
Σ(O_O；);;;;;;;;
8O;;;;;;;;
:shock:;;;;;;;;
(*•*);;;;;;;;
⊙▂⊙;;;;;;;;
▀▀▒=(.)=▒r▀▀;;;;;;;;
(★▼▼)o┳*--;;;;;;;;
(ﾟ皿ﾟ)ｒ┏┳－*;;;;;;;;
☆彡;;;;;;;;
+-(;;;;;;;;
ᡕᠵ᠊ᡃ່࡚ࠢ࠘⸝່ࠡࠣ᠊᠆ࠣᡁࠣ࠘᠊᠊ࠢ࠘᠊᠊ࠢ࠘~♡;;;;;;;;
^^;;;;;;;;
:-V;;;;;;;;
:\/;;;;;;;;
:^V;;;;;;;;
|----D;;;;;;;;
`\('_')/`;;;;;;;;
¯\(°_°)/¯;;;;;;;;
¯\_(ツ)_/¯;;;;;;;;
(*^_^*);;;;;;;;
-_-;;;;;;;;
"(^^;)";;;;;;;;
(#^.^#);;;;;;;;
(#/。\#);;;;;;;;
(*´▽｀)ゞ;;;;;;;;
（/｡＼);;;;;;;;
(-:|:-);;;;;;;;
:-&;;;;;;;;
+o(;;;;;;;;
|-~b;;;;;;;;
(-__-);;;;;;;;
:-~);;;;;;;;
[;±;_;±;];;;;
:->|;;;;;;;;
:-Y;;;;;;;;
8-O;--*;;;;;;;
:-<;;;;;;;;
8-};;;;;;;;
C(:;;;;;;;;
(^o^);;;;;;;;
:-o;;;;;;;;
(⌒o⌒)♪~♪;;;;;;;;
ヾ(´ρ｀)〃;;;;;;;;
]:;;;;;;;;
O-\-<]:;;;;;;;;
0-<-<):;;;;;;;;
o{-<]:;;;;;;;;
O[-<]:;;;;;;;;
qo{-<]:;;;;;;;;
o<[^(;;;;;;;;
o->-</:;;;;;;;;
q=)-<--<|:;;;;;;;;
O-/-<]:;;;;;;;;
:-/;;;;;;;;
:-7;;;;;;;;
:/;;;;;;;;
(•͡.•͡);;;;;;;;
>:\;;;;;;;;
*(H-);;;;;;;;
ε=┌(^-^)┘;;;;;;;;
8-X;;;;;;;;
(skype);;;;;;;;
(ss);;;;;;;;
(；^＿^)ッ☆(　゜o゜);;;;;;;;
(>.<);zzZ;;;;;;;
-_-;;;;;;;;
#NOME?;;;;;;;;
(-.-)zzZZ;;;;;;;;
Z/;;;;;;;;
Z_Z;;;;;;;;
QQ';;;;;;;;
-;;;;;;;;
(~_~)^;;;;;;;;
(-_o)zzZ;;;;;;;;
O-(==<;;;;;;;;
<-.->;;;;;;;;
(。-ω-)zzz...;;;;;;;;
(–˛;—;º);;;;;;
꒡ᘦ̲꒡;;;;;;;;
(>.<)zzZ;;;;;;;;
/ZZ;;;;;;;;
(s);;;;;;;;
૮(-.-)ა;;;;;;;;
|-);;;;;;;;
(>.<);;;;;;;;
u_u;;;;;;;;
#);;;;;;;;
"8^y
~_~
(-_-)Zzz
(Z.Z)
I-)
(snooze)
I=)
(- o - ) zzZ ☽
#(,'%/)
:-#
:-)
:)
:|)
C:
\\)
:A
:¬)
=]
(*8
I:(
>-)
:^D
:]
:smile:
:=)
(smile)
(ʘ‿ʘ)
ت
:^J
^^
^&^
.'J
( ͡° ͜ʖ ͡°)
:-1
:-,
:^,
;^)
(smirk)
(｡♥‿♥｡)
:-p~
:-d~
:-Q
:O\
:- i
:-?
:-d
:-G-
(-。-)y-゜゜
y(^ o^)y~~
(￣(ｴ)￣)y-ﾟﾟﾟ
(smoke)
(smoking)
(ci)
◯０o。(ー。ー)y
:-Q~
:-?
(づ￣ ³￣)づ
(`˘з˘)
(‘ε’)
:>
B|
( ˘︹˘ )
(sn)
@x
_@/
`@____
@_v
@_ö
_@_v
＠ノ";;;;;;;;
_@v;;;;;;;;
~@~:;;;;;;;;
~<:<<<<<>;;;;;;;;
~~~~8};;;;;;;;
~>゜)～～～;;;;;;;;
<=====<>~;;;;;;;;
0;-';;;;;;;
 ; o...;;;;;;;
:-`|;;;;;;;;
(;´-ω･)︻┻┳══━一;;;;;;;
(⌐▀͡;̯ʖ▀)︻̷┻̿═━一-;;;;;;;
:<);;;;;;;;
┬┴┬┴┤(･_├┬┴┬┴;;;;;;;;
|^O;;;;;;;;
^o;;;;;;;;
❆❅❉;;;;;;;;
(:^)_)_);;;;;;;;
(:>])(;)(;);;;;;;
[l:^);;;;;;;;
(:-)(°°°);;;;;;;;
*|:^)(.)(...);;;;;;;;
[;||):,)÷(÷••)(•;);;;;;;
(´･ω･`);;;;;;;;
(‘A`);;;;;;;;
(ू˃̣̣̣̣̣̣︿˂̣̣̣̣̣̣;ू);;;;;;;
.·´¯`(>▂<)´¯`·.;;;;;;;;
(╥﹏╥);;;;;;;;
(so);;;;;;;;
|><;><;/;;;;;;
/:-);;;;;;;;
c]:{D;;;;;;;;
੯ू•́ू;໒꒱⁼³₌₃;;;;;;;
?-(;;;;;;;;
Err:512;;;;;;;;
>.<;;;;;;;;
:-*;;;;;;;;
:-6;;;;;;;;
(X^(*;;;;;;;;
X;P;;;;;;;
Err:520;;;;;;;;
[>==];;;;;;;;
0_o;;;;;;;;
|-=[O]=-|;;;;;;;;
:-M;;;;;;;;
#NOME?;;;;;;;;
:|;;;;;;;;
:-|;;;;;;;;
:=|;;;;;;;;
(speechless);;;;;;;;
/\(00)/\;;;;;;;;
ᄽὁȍ;̪;őὀᄿ;;;;;;
"^;;^";;;;;;;;
::::(;;;;;;;;
^''^;;;;;;;;
:-`;;;;;;;;
>:-I;;;;;;;;
|∴め;ϖ;め∴|;;;;;;
ↁ_ↁ;;;;;;;;
ε=ε=ε=┌(๑ʘ∀ʘ)┘;;;;;;;;
__m_OO_m__;;;;;;;;
<コ:彡;;;;;;;;
＜コ：ミ;;;;;;;;
(><);;;;;;;;
-_-;;;;;;;;
(*);;;;;;;;
(star);;;;;;;;
*~*;;;;;;;;
ó¿ò;;;;;;;;
"(;￢_￢)";;;;;;;;
(⓪益⓪);;;;;;;;
%.);;;;;;;;
#RIF!;*;*;;;;;;
"(~);}";;;;;;;;
";@";;;;;;;;
|̲̅̅●̲̅̅|̲̅̅=̲̅̅|̲̅̅●̲̅̅|;;;;;;;;
|:-|;;;;;;;;
#:-)-{--<;;;;;;;;
>-/-@;;;;;;;;
O-[--<;;;;;;;;
:-)~;;;;;;;;
:-P;;;;;;;;
:P;;;;;;;;
>:P;;;;;;;;
:-r;;;;;;;;
:pp;;;;;;;;
:(,);;;;;;;;
(:-p);;;;;;;;
þ;;;;;;;;
.'r;;;;;;;;
:razz:;;;;;;;;
:=P;;;;;;;;
(tongueout);;;;;;;;
:-{;-__-:;;;;;;;
~/~;;;;;;;;
$:-$;;;;;;;;
">;D";;;;;;;;
*STOP*;;;;;;;;
(st);;;;;;;;
:|;;;;;;;;
.'T;;;;;;;;
-.-;;;;;;;;
O=[O{|___|]=O;;;;;;;;
___ψ(‥;);;;;;;;
@?@;;;;;;;;
[o].[o];;;;;;;;
"&;-P";;;;;;;;
(sun);;;;;;;;
8-);;;;;;;;
B-);;;;;;;;
B-D;;;;;;;;
]-I;;;;;;;;
B:-);;;;;;;;
8-|;;;;;;;;
8|;;;;;;;;
B-|;;;;;;;;
B|;;;;;;;;
8);;;;;;;;
:cool:;;;;;;;;
c-oo;;;;;;;;
_\|/_;;;;;;;;
(#);;;;;;;;
((o));;;;;;;;
─=≡Σ(([;⊐•̀⌂•́]⊐;;;;;;;
Ⅽ(;O;∪;O;)Ↄ;;;;
:o;;;;;;;;
:-O;;;;;;;;
*SURPRISED*;;;;;;;;
:O;;;;;;;;
{:o;;;;;;;;
(:)o);;;;;;;;
:-();;;;;;;;
0;;;;;;;;
GG';;;;;;;;
-;;;;;;;;
(*.*);;;;;;;;
l8^O;;;;;;;;
（￣□￣；）;;;;;;;;
:eek:;;;;;;;;
:=o;;;;;;;;
(surprised);;;;;;;;
*.*;;;;;;;;
(O.O);;;;;;;;
Err:510;;;;;;;;
Err:510;;;;;;;;
OAO;;;;;;;;
＼（－－）／;;;;;;;;
(ﾉ_;_)ﾉ;;;;;;;
0-0;;;;;;;;
(@@)';;;;;;;;
;O;;;;;;;
⊂;•͡˘∠•͡˘;⊃;;;;;;
:#;;;;;;;;
>:-@!;;;;;;;;
(swear);;;;;;;;
`:-);;;;;;;;
(:|;;;;;;;;
(sweat);;;;;;;;
8-);;;;;;;;
__/\o_;;;;;;;;
B-)-[<;;;;;;;;
x_O;;;;;;;;
oxx:{}:::::::>;;;;;;;;
cxxx{}:::::::>;;;;;;;;
0]xxxx]====>;;;;;;;;
<=======|==o;;;;;;;;
O=[]========>;;;;;;;;
o()xxx[{::::::::::>;;;;;;;;
(´>_●)メ(●_<｀);;;;;;;;
-<((((>-{;;;;;;;;
---(|||]==[];;;;;;;;
+=>-;;;;;;;;
-{'''|'''|'''|''']=[];;;;;;;;
┬─┬﻿︵/(.□.)╯;;;;;;;;
‎(>o<)ρミ┳┷┳゜;;;;;;;;
༼;つ;◕_◕;༽つ;;;;;
Err:511;;;;;;;;
:-{;};;;;;;;
:^y;;;;;;;;
:y;;;;;;;;
(talk);;;;;;;;
>8-O-(&);;;;;;;;
(๑╹ڡ╹๑);;;;;;;;
(tuari);;;;;;;;
\_/?;;;;;;;;
C(_)~;;;;;;;;
C(_)~';;;;;;;;
&-l;;;;;;;;
:p;;;;;;;;
B^P;;;;;;;;
:^P;;;;;;;;
8^P;;;;;;;;
:-Þ;;;;;;;;
:O);;;;;;;;
⊂(◜ᴥ◝)つ;;;;;;;;
⊂(^(工)^)⊃;;;;;;;;
(t);;;;;;;;
(((((^_^);;;;;;;;
-(:)(0)=8;;;;;;;;
>[I;;;;;;;;
ixxxxxi;;;;;;;;
|B-);;;;;;;;
＼(-_-;);;;;;;;
^/^;;;;;;;;
-:};;;;;;;;
8=:-K;;;;;;;;
:-?;;;;;;;;
*-);;;;;;;;
:?;;;;;;;;
:=?;;;;;;;;
(think);;;;;;;;
(p_-);;;;;;;;
m-;B^];#NOME?;;;;;;
(*・_・)ノ⌒*;;;;;;;;
(n);;;;;;;;
q('-')p;;;;;;;;
:-q;;;;;;;;
(no);;;;;;;;
(y);;;;;;;;
*THUMBS;UP*;;;;;;;
d'-';;;;;;;;
d'-'b;;;;;;;;
:-bd;;;;;;;;
(^-^)b;;;;;;;;
d-(^.^)z;;;;;;;;
(ok);;;;;;;;
(yes);;;;;;;;
（＾_－）ｄ;;;;;;;;
:-)<////>;;;;;;;;
|-(o)-|;;;;;;;;
(-o-);;;;;;;;
|o|;;;;;;;;
:-T;;;;;;;;
[]---|<O---[];;;;;;;;
:^T;;;;;;;;
(o);;;;;;;;
(time);;;;;;;;
(clock);;;;;;;;
:-t;;;;;;;;
-<:-(;;;;;;;;
(:|;;;;;;;;
*TIRED*;;;;;;;;
Err:520;;;;;;;;
%-|;;;;;;;;
%-/;;;;;;;;
(z_z~.);;;;;;;;
(´。＿。｀);;;;;;;;
〠_〠;;;;;;;;
(=_=);;;;;;;;
(%]:D;;;;;;;;
0000(0)(0)0000;;;;;;;;
.oooO;;;;;;;;
Oooo.;;;;;;;;
(toivo);;;;;;;;
.'w;;;;;;;;
"8-;)";;;;;;;;
:-J;;;;;;;;
:j;;;;;;;;
:-&;;;;;;;;
(:@;;;;;;;;
:-a;;;;;;;;
(tmi);;;;;;;;
[|:);;;;;;;;
#:o\:o/:o\:o/:o||;;;;;;;;
#NOME?;;;;;;;;
{(:-);;;;;;;;
}:-(;;;;;;;;
{:-);;;;;;;;
#NOME?;;;;;;;;
[..];;;;;;;;
>~<;;;;;;;;
>:-|;;;;;;;;
:<();;;;;;;;
---(o_　_)o;;;;;;;;
｡｡｡(o_;_)o⌒☆;;;;;;;
(>_<)>;;;;;;;;
"(^_^;)";;;;;;;;
<.<;;;;;;;;
oo---oo-Bo;;;;;;;;
[._.]-.˛;;;;;;;;
-=iii=<();;;;;;;;
(o)';;;;;;;;
O>-O>-|-<O-<O;;;;;;;;
X:-|;;;;;;;;
@=);;;;;;;;
@:-v;;;;;;;;
<:>==;;;;;;;;
Err:511;;;;;;;;
[(;o/)]|::|[(;o/)];;;;;;
(tu);;;;;;;;
:(;;;;;;;;
/Y\;;;;;;;;
:-)8---;;;;;;;;
:-)8>;;;;;;;;
(-::-(;;;;;;;;
.-=-.;;;;;;;;
(o|o);;;;;;;;
(um);;;;;;;;
Err:533;;;;;;;;
(---,;;;;;;;;
"q;|";;;;;;;;
(ㆆ_ㆆ);;;;;;;;
x:-/;;;;;;;;
Err:508;;;;;;;;
Err:508;;;;;;;;
Err:508;;;;;;;;
/:-|;;;;;;;;
:-\;;;;;;;;
:\;;;;;;;;
:<;;;;;;;;
|:-);;;;;;;;
（￣～￣）;;;;;;;;
|:;;;;;;;;
**==;;;;;;;;
:/;;;;;;;;
8-\;;;;;;;;
>->';;;;;;;;
{{|└(>o<;)┘|}};;;;;;;
>-:O;;;;;;;;
>:*;;;;;;;;
}:(;;;;;;;;
"--""";;;;;;;;
>=P;;;;;;;;
>.<;;;;;;;;
D:<;;;;;;;;
.-.;;;;;;;;
P:;;;;;;;;
:-E;;;;;;;;
(*▿▿*;ƪ);;;;;;;
>8-{;;;;;;;;
8-{;;;;;;;;
>:-[;;;;;;;;
>8-E;;;;;;;;
>:-E;;;;;;;;
8-E;;;;;;;;
:(=;;;;;;;;
:-[;;;;;;;;
(=,..,=);;;;;;;;
(o,..,o);;;;;;;;
,..,';;;;;;;;
:f;;;;;;;;
:-{;;;;;;;;
-,..,-;;;;;;;;
*,..,*;;;;;;;;
@,.,@;;;;;;;;
"(';.;')";;;;;;;;
^,..,^;;;;;;;;
(㇏(•̀ᵥᵥ•́)ノ);;;;;;;;
"^v^(;,,;)^v^";;;;;;;;
:-[;;;;;;;;
:[;;;;;;;;
"~;;~";;;;;;;;
^,..,^;;;;;;;;
(^-^:);;;;;;;;
:-[;;;;;;;;
%*};;;;;;;;
:-));;;;;;;;
:-((;;;;;;;;
(°◇°人°◇°);;;;;;;;
o(^_^o)';;;;;;;;
(o^_^o)';;;;;;;;
(o^_^)o;;;;;;;;
v(^_^)v;;;;;;;;
8Ö<;;;;;;;;
](-[3;;;;;;;;
(o\_!_/o);;;;;;;;
(／o^)/°⊥＼(^o＼);;;;;;;;
:O=;;;;;;;;
:-C.°.°;;;;;;;;
(>'.')>#;;;;;;;;
(>'_')>#;;;;;;;;
#<(0.0<);;;;;;;;
☆ﾐ(o*･ω･)ﾉ;;;;;;;;
(wait);;;;;;;;
～(((((((っ´Ι`)ﾉ;;;;;;;;
(″･ิ_･ิ)っ;;;;;;;;
:->X==|;;;;;;;;
(;^^);_U~~;;;;;;
且_(ﾟ◇ﾟ；)ノﾞ;;;;;;;;
:-w;;;;;;;;
:3=;;;;;;;;
(:{C);;;;;;;;
:-<;;;;;;;;
(:3=;;;;;;;;
(:3;っ)っ;;;;;;;
:0€;;;;;;;;
:{=;;;;;;;;
(:=);;;;;;;;
._);;;;;;;;
@@';;;;;;;;
-;;;;;;;;
__/\o_;o;;;;;;;
:-h;;;;;;;;
(wave);;;;;;;;
(hi);;;;;;;;
(bye);;;;;;;;
~~c___;;;;;;;;
(;^_^)／;;;;;;;
:-)--;;;;;;;;
(´~`);;;;;;;;
";w;";;;;;;;;
"(;´༎ຶД༎ຶ`)";;;;;;;;
｡･ﾟﾟ･(>д<)･ﾟﾟ･｡;;;;;;;;
:-P;;;;;;;;
-_-;;;;;;;;
:-1;;;;;;;;
(¬_¬);;;;;;;;
";-\";;;;;;;;
θ＼(；￢_￢);;;;;;;;
¬.¬;;;;;;;;
d-:;;;;;;;;
#:-S;;;;;;;;
(whew);;;;;;;;
:'(;;;;;;;;
:'-(;;;;;;;;
*WHINING*;;;;;;;;
(●´ﾉω`)ｺ;;;;;;;;
(;￣ﾉ∇￣)￣ｰ￣);;;;;;;
":-""";;;;;;;;
.'Y;;;;;;;;
♪～(￣ε￣；);;;;;;;;
(－‸ლ);;;;;;;;
8-O;;;;;;;;
(w);;;;;;;;
ミ田;;;;;;;;
())=(;;;;;;;;
";p";;;;;;;;
";-P";;;;;;;;
";^)";;;;;;;;
(`_^);;;;;;;;
,-);;;;;;;;
(^_~);;;;;;;;
9-);;;;;;;;
6-);;;;;;;;
i);;;;;;;;
!);;;;;;;;
";-)";;;;;;;;
";)";;;;;;;;
~_^;;;;;;;;
o.<';;;;;;;;
U;;;;;;;;
";()";;;;;;;;
:wink:;;;;;;;;
";=)";;;;;;;;
(wink);;;;;;;;
◕‿↼;;;;;;;;
(^‿◕);;;;;;;;
!-);;;;;;;;
(-!;;;;;;;;
ʕ;•́؈•̀);;;;;;;
^_^a;;;;;;;;
（;つ;Д;｀）;;;;;
<):^/;;;;;;;;
<|:~,;;;;;;;;
I8${};;;;;;;;
8<:-);;;;;;;;
"<{{{};->~";;;;;;;;
<*(:-?;;;;;;;;
-=#:-);/;;;;;;;
(∩｀-´)⊃━☆ﾟ.*･｡ﾟ;;;;;;;;
<;c;{:(=-*;;;;;;
{0-|<[;;;;;;;;
o>-<|=;;;;;;;;
(p;>_>)--D;C--(<_<;q);;;;;
o.o?;;;;;;;;
:^);;;;;;;;
(wonder);;;;;;;;
ᡊ|◔じ◔|ᡊ;;;;;;;;
(wo);;;;;;;;
:-S;;;;;;;;
/00\';;;;;;;;
>';;;;;;;;
~;;;;;;;;
"(ーー;)";;;;;;;;
>w<;;;;;;;;
:S;;;;;;;;
:=S;;;;;;;;
(worry);;;;;;;;
⊙﹏⊙;;;;;;;;
(´╹〽╹`);;;;;;;;
(・へ・);;;;;;;;
ƪ(˘▽˘ƪ);;;;;;;;
Ø;(..);;;;;;;
"φ(｡_｡;)";;;;;;;;
＿〆(。。);;;;;;;;
8==8O8==8;;;;;;;;
:>8{}8<:;;;;;;;;
(xx);;;;;;;;
[x];;;;;;;;
_/);;;;;;;;
|-O;;;;;;;;
(:|;;;;;;;;
.'U;;;;;;;;
"(;´ρ`)";;;;;;;;
(yawn);;;;;;;;
*\o/*;;;;;;;;
Err:510;;;;;;;;
:-(0);;;;;;;;
:(*);;;;;;;;
ヾ(*￣O￣)ツ;;;;;;;;
>:O;;;;;;;;
(☉__☉”);;;;;;;;
(%);;;;;;;;
/o)\';;;;;;;;
\(o/;;;;;;;;
<(-.-)>;;;;;;;;
<(-_-)>;;;;;;;;
(ﾉﾟ0ﾟ)ﾉ~;;;;;;;;
:-0>;;;;;;;;
:-9;;;;;;;;
(っ˘ڡ˘ς);;;;;;;;
:#;;;;;;;;
(V);(°,,,,°);(V);;;;;;
F(x_x)F;;;;;;;;
8-#;;;;;;;;
[¬º-°]¬;;;;;;;;
┐(ﾟдﾟ┐);;;;;;;;
(-_0);;;;;;;;
Z;;;;;;;;
B-)===>;;;;;;;;
12x--<--@;;;;;;;;
O(<>'<>)O;;;;;;;;
Err:510;;;;;;;;
Err:508;;;;;;;;
Err:508;;;;;;;;
Err:508;;;;;;;;
Err:508;;;;;;;;
ε=(☉_☉);;;;;;;;
[:||||||||||||:];;;;;;;;
:%);;;;;;;;
?:^[];;;;;;;;
:%)%;;;;;;;;
):=ı;;;;;;;;
/.#(;;;;;;;;
:-=);;;;;;;;
8-[;;;;;;;;
(ap);;;;;;;;
-|--';;;;;;;;
:-o;;;;;;;;
c|B-);;;;;;;;
(.V.);;;;;;;;
(8>/--<;;;;;;;;
(<>..<>);;;;;;;;
::-);;;;;;;;
.';;;;;;;;
>(::O>;;;;;;;;
>-);;;;;;;;
<0>..<0>;;;;;;;;
:8);;;;;;;;
(+^+);;;;;;;;
(#*#);;;;;;;;
/@-@\;;;;;;;;
>*^,^,^~~~;;;;;;;;
0=);;;;;;;;
^j^;;;;;;;;
O:);;;;;;;;
(a);;;;;;;;
O:-);;;;;;;;
O-);;;;;;;;
0-)<;;;;;;;;
"0;)";;;;;;;;
0:);;;;;;;;
0*-);;;;;;;;
():);;;;;;;;
J^;;;;;;;;
(angel);;;;;;;;
ლ(ಠ益ಠ)ლ;;;;;;;;
:-t;;;;;;;;
:-||;;;;;;;;
X-(;;;;;;;;
X(;;;;;;;;
:-@;;;;;;;;
:@;;;;;;;;
b;(;;;;;;;
:(;;;;;;;;
>-(;;;;;;;;
D<;;;;;;;;
>:(;;;;;;;;
>:-(;;;;;;;;
-_-+;;;;;;;;
:-Z;;;;;;;;
(((p(>o<)q)));;;;;;;;
:=@;;;;;;;;
x=(;;;;;;;;
(angry);;;;;;;;
>(;;;;;;;;
(◣_◢);;;;;;;;
ヽ(#｀_つ´)ﾉﾌﾟ;;;;;;;;
o┤*｀□´;*├o;;;;;;;
ヽ(｀⌒´メ)ノ;;;;;;;;
(•ˋ;_;ˊ•);;;;;;
>:-o;;;;;;;;
>:-0;;;;;;;;
☠|රゝර|☠;;;;;;;;
):|;;;;;;;;
^w^;;;;;;;;
"-_-;";;;;;;;;
|_|';;;;;;;;
"^^;";;;;;;;;
(;o_o);;;;;;;
(-_-*;);;;;;;;
@_@;;;;;;;;
¬¬;;;;;;;;
>_<*;;;;;;;;
:/;;;;;;;;
>:-(;;;;;;;;
"(¬_¬"")";;;;;;;;
:42:;;;;;;;;
-o,,o,,o';;;;;;;;
>:;o;;;;;;;
(⊃‿⊂);;;;;;;;
m(_)m;;;;;;;;
＼(_;_);;;;;;;
m(T-T)m;;;;;;;;
(シ_;_)シ;;;;;;;
#RIF!;;;;;;;;
(^^)//;;;;;;;;
(￣▽￣人);;;;;;;;
0-+;;;;;;;;
>A<;;;;;;;;
(;`_)乂(_';);;;;;;
<')))~;;;;;;;;
,,\(o3o)/,,;;;;;;;;
>--->>;;;;;;;;
<---<<<;;;;;;;;
:arrow:;;;;;;;;
(B-I=;;;;;;;;
(；一_一);;;;;;;;
(ˇ_ˇ’!l);;;;;;;;
(╯_╰”);;;;;;;;
(ノ>ノ);;;;;;;;
<|-);;;;;;;;
|-I;;;;;;;;
(0)-<-<;;;;;;;;
~X(;;;;;;;;
(⌒;͜ʖ⌒)b;;;;;;;
X:-);;;;;;;;
(au);;;;;;;;
:S;;;;;;;;
o.e;;;;;;;;
